"PolicyNum","Year","TypeMisc","TypeCity","TypeCounty","TypeSchool","TypeTown","TypeVillage","col.Cov.Idx","C2","C3","n"
120002,2006,0,0,1,0,0,0,2,0,1,2
120002,2007,0,0,1,0,0,0,2,0,1,0
120002,2008,0,0,1,0,0,0,2,0,1,4
120002,2009,0,0,1,0,0,0,2,0,1,2
120002,2010,0,0,1,0,0,0,2,0,1,0
120003,2006,0,0,1,0,0,0,2,0,1,3
120003,2007,0,0,1,0,0,0,2,0,1,4
120003,2008,0,0,1,0,0,0,2,0,1,3
120003,2009,0,0,1,0,0,0,2,0,1,3
120003,2010,0,0,1,0,0,0,2,0,1,4
120004,2006,0,0,1,0,0,0,2,0,1,1
120004,2007,0,0,1,0,0,0,2,0,1,2
120004,2008,0,0,1,0,0,0,2,0,1,0
120004,2009,0,0,1,0,0,0,2,0,1,4
120004,2010,0,0,1,0,0,0,2,0,1,4
120005,2006,0,0,1,0,0,0,2,0,1,2
120005,2007,0,0,1,0,0,0,2,0,1,4
120005,2008,0,0,1,0,0,0,2,0,1,6
120005,2009,0,0,1,0,0,0,2,0,1,1
120005,2010,0,0,1,0,0,0,2,0,1,3
120008,2006,0,0,1,0,0,0,2,0,1,1
120008,2007,0,0,1,0,0,0,2,0,1,4
120008,2008,0,0,1,0,0,0,2,0,1,3
120008,2009,0,0,1,0,0,0,2,0,1,1
120008,2010,0,0,1,0,0,0,2,0,1,1
120010,2009,0,0,1,0,0,0,2,0,1,4
120010,2010,0,0,1,0,0,0,2,0,1,3
120012,2006,0,0,1,0,0,0,2,0,1,5
120012,2007,0,0,1,0,0,0,2,0,1,9
120012,2008,0,0,1,0,0,0,2,0,1,18
120012,2009,0,0,1,0,0,0,2,0,1,21
120012,2010,0,0,1,0,0,0,2,0,1,22
120015,2006,0,0,1,0,0,0,2,0,1,12
120015,2007,0,0,1,0,0,0,2,0,1,9
120015,2008,0,0,1,0,0,0,2,0,1,10
120015,2009,0,0,1,0,0,0,2,0,1,9
120015,2010,0,0,1,0,0,0,2,0,1,5
120017,2006,0,0,1,0,0,0,2,0,1,9
120017,2007,0,0,1,0,0,0,2,0,1,6
120017,2008,0,0,1,0,0,0,2,0,1,1
120017,2009,0,0,1,0,0,0,2,0,1,5
120017,2010,0,0,1,0,0,0,2,0,1,13
120018,2006,0,0,1,0,0,0,2,0,1,0
120018,2007,0,0,1,0,0,0,2,0,1,0
120018,2008,0,0,1,0,0,0,2,0,1,0
120018,2009,0,0,1,0,0,0,2,0,1,2
120018,2010,0,0,1,0,0,0,2,0,1,3
120021,2006,0,0,1,0,0,0,2,0,1,0
120021,2007,0,0,1,0,0,0,2,0,1,0
120021,2008,0,0,1,0,0,0,2,0,1,0
120021,2009,0,0,1,0,0,0,2,0,1,0
120021,2010,0,0,1,0,0,0,2,0,1,0
120022,2006,0,0,1,0,0,0,2,0,1,1
120022,2007,0,0,1,0,0,0,2,0,1,1
120022,2008,0,0,1,0,0,0,2,0,1,0
120022,2009,0,0,1,0,0,0,2,0,1,1
120022,2010,0,0,1,0,0,0,2,0,1,1
120023,2006,0,0,1,0,0,0,2,0,1,0
120023,2007,0,0,1,0,0,0,2,0,1,3
120023,2008,0,0,1,0,0,0,2,0,1,3
120023,2009,0,0,1,0,0,0,2,0,1,1
120023,2010,0,0,1,0,0,0,2,0,1,2
120024,2009,0,0,1,0,0,0,2,0,1,1
120024,2010,0,0,1,0,0,0,2,0,1,1
120026,2006,0,0,1,0,0,0,2,0,1,3
120026,2007,0,0,1,0,0,0,2,0,1,4
120026,2008,0,0,1,0,0,0,2,0,1,6
120026,2009,0,0,1,0,0,0,2,0,1,2
120026,2010,0,0,1,0,0,0,2,0,1,6
120028,2006,0,0,1,0,0,0,2,0,1,6
120028,2007,0,0,1,0,0,0,2,0,1,8
120028,2008,0,0,1,0,0,0,2,0,1,13
120028,2009,0,0,1,0,0,0,2,0,1,16
120028,2010,0,0,1,0,0,0,2,0,1,14
120029,2009,0,0,1,0,0,0,2,0,1,6
120029,2010,0,0,1,0,0,0,2,0,1,3
120030,2006,0,0,1,0,0,0,2,0,1,0
120030,2007,0,0,1,0,0,0,2,0,1,1
120030,2008,0,0,1,0,0,0,2,0,1,0
120030,2009,0,0,1,0,0,0,2,0,1,2
120030,2010,0,0,1,0,0,0,2,0,1,2
120032,2006,0,0,1,0,0,0,2,0,1,2
120032,2007,0,0,1,0,0,0,2,0,1,3
120032,2008,0,0,1,0,0,0,2,0,1,2
120032,2009,0,0,1,0,0,0,2,0,1,0
120032,2010,0,0,1,0,0,0,2,0,1,0
120036,2006,0,0,1,0,0,0,1,1,0,0
120036,2007,0,0,1,0,0,0,1,1,0,0
120036,2008,0,0,1,0,0,0,1,1,0,1
120036,2009,0,0,1,0,0,0,1,1,0,1
120036,2010,0,0,1,0,0,0,1,1,0,2
120039,2006,0,0,1,0,0,0,2,0,1,2
120039,2007,0,0,1,0,0,0,2,0,1,5
120039,2008,0,0,1,0,0,0,2,0,1,4
120039,2009,0,0,1,0,0,0,2,0,1,1
120039,2010,0,0,1,0,0,0,2,0,1,1
120040,2006,0,0,1,0,0,0,2,0,1,3
120040,2007,0,0,1,0,0,0,2,0,1,0
120040,2008,0,0,1,0,0,0,2,0,1,5
120040,2009,0,0,1,0,0,0,2,0,1,5
120040,2010,0,0,1,0,0,0,2,0,1,1
120042,2009,0,0,1,0,0,0,2,0,1,2
120042,2010,0,0,1,0,0,0,2,0,1,1
120043,2006,0,0,1,0,0,0,2,0,1,5
120043,2007,0,0,1,0,0,0,2,0,1,4
120043,2008,0,0,1,0,0,0,2,0,1,6
120043,2009,0,0,1,0,0,0,2,0,1,4
120043,2010,0,0,1,0,0,0,2,0,1,4
120044,2009,0,0,1,0,0,0,2,0,1,0
120044,2010,0,0,1,0,0,0,2,0,1,0
120046,2006,0,0,1,0,0,0,2,0,1,1
120046,2007,0,0,1,0,0,0,2,0,1,2
120046,2008,0,0,1,0,0,0,2,0,1,1
120046,2009,0,0,1,0,0,0,2,0,1,1
120046,2010,0,0,1,0,0,0,2,0,1,1
120047,2006,0,0,1,0,0,0,2,0,1,4
120047,2007,0,0,1,0,0,0,2,0,1,3
120047,2008,0,0,1,0,0,0,2,0,1,3
120047,2009,0,0,1,0,0,0,2,0,1,8
120047,2010,0,0,1,0,0,0,2,0,1,3
120048,2006,0,0,1,0,0,0,2,0,1,3
120048,2007,0,0,1,0,0,0,2,0,1,5
120048,2008,0,0,1,0,0,0,2,0,1,3
120048,2009,0,0,1,0,0,0,2,0,1,3
120048,2010,0,0,1,0,0,0,2,0,1,5
120049,2006,0,0,1,0,0,0,2,0,1,4
120049,2007,0,0,1,0,0,0,2,0,1,11
120049,2008,0,0,1,0,0,0,2,0,1,7
120049,2009,0,0,1,0,0,0,2,0,1,2
120049,2010,0,0,1,0,0,0,2,0,1,7
120050,2006,0,0,1,0,0,0,2,0,1,0
120050,2007,0,0,1,0,0,0,2,0,1,0
120050,2008,0,0,1,0,0,0,2,0,1,0
120050,2009,0,0,1,0,0,0,2,0,1,0
120050,2010,0,0,1,0,0,0,2,0,1,1
120053,2006,0,0,1,0,0,0,2,0,1,1
120053,2007,0,0,1,0,0,0,2,0,1,2
120053,2008,0,0,1,0,0,0,2,0,1,7
120053,2009,0,0,1,0,0,0,2,0,1,2
120053,2010,0,0,1,0,0,0,2,0,1,3
120054,2006,0,0,1,0,0,0,2,0,1,1
120054,2007,0,0,1,0,0,0,2,0,1,0
120054,2008,0,0,1,0,0,0,2,0,1,0
120054,2009,0,0,1,0,0,0,2,0,1,1
120054,2010,0,0,1,0,0,0,2,0,1,0
120056,2006,0,0,1,0,0,0,2,0,1,4
120056,2007,0,0,1,0,0,0,2,0,1,1
120056,2008,0,0,1,0,0,0,2,0,1,5
120056,2009,0,0,1,0,0,0,2,0,1,2
120056,2010,0,0,1,0,0,0,2,0,1,1
120057,2006,0,0,1,0,0,0,2,0,1,4
120057,2007,0,0,1,0,0,0,2,0,1,2
120057,2008,0,0,1,0,0,0,2,0,1,6
120057,2009,0,0,1,0,0,0,2,0,1,2
120057,2010,0,0,1,0,0,0,2,0,1,5
120058,2006,0,0,1,0,0,0,0,0,0,0
120058,2007,0,0,1,0,0,0,0,0,0,0
120059,2009,0,0,1,0,0,0,2,0,1,3
120059,2010,0,0,1,0,0,0,2,0,1,4
120063,2006,0,0,1,0,0,0,2,0,1,2
120063,2007,0,0,1,0,0,0,2,0,1,4
120063,2008,0,0,1,0,0,0,2,0,1,3
120063,2009,0,0,1,0,0,0,2,0,1,2
120063,2010,0,0,1,0,0,0,2,0,1,1
120065,2009,0,0,1,0,0,0,2,0,1,0
120065,2010,0,0,1,0,0,0,2,0,1,2
120070,2009,0,0,1,0,0,0,2,0,1,5
120070,2010,0,0,1,0,0,0,2,0,1,5
120072,2006,0,0,1,0,0,0,2,0,1,3
120072,2007,0,0,1,0,0,0,2,0,1,1
120072,2008,0,0,1,0,0,0,2,0,1,11
120072,2009,0,0,1,0,0,0,2,0,1,3
120072,2010,0,0,1,0,0,0,2,0,1,6
120073,2009,0,0,1,0,0,0,2,0,1,10
120073,2010,0,0,1,0,0,0,2,0,1,10
120074,2006,0,0,1,0,0,0,2,0,1,5
120074,2007,0,0,1,0,0,0,2,0,1,4
120074,2008,0,0,1,0,0,0,2,0,1,5
120074,2009,0,0,1,0,0,0,2,0,1,3
120074,2010,0,0,1,0,0,0,2,0,1,3
120076,2006,0,0,1,0,0,0,2,0,1,5
120076,2007,0,0,1,0,0,0,2,0,1,8
120076,2008,0,0,1,0,0,0,2,0,1,6
120076,2009,0,0,1,0,0,0,2,0,1,3
120076,2010,0,0,1,0,0,0,2,0,1,0
120077,2006,0,0,1,0,0,0,2,0,1,4
120077,2007,0,0,1,0,0,0,2,0,1,1
120077,2008,0,0,1,0,0,0,2,0,1,3
120077,2009,0,0,1,0,0,0,2,0,1,5
120077,2010,0,0,1,0,0,0,2,0,1,5
120079,2006,0,0,1,0,0,0,2,0,1,2
120079,2007,0,0,1,0,0,0,2,0,1,2
120079,2008,0,0,1,0,0,0,2,0,1,0
120079,2009,0,0,1,0,0,0,2,0,1,2
120079,2010,0,0,1,0,0,0,2,0,1,1
120082,2006,0,0,1,0,0,0,2,0,1,0
120082,2007,0,0,1,0,0,0,2,0,1,1
120082,2008,0,0,1,0,0,0,2,0,1,0
120082,2009,0,0,1,0,0,0,2,0,1,1
120082,2010,0,0,1,0,0,0,2,0,1,1
120083,2006,0,0,1,0,0,0,2,0,1,1
120083,2007,0,0,1,0,0,0,2,0,1,1
120083,2008,0,0,1,0,0,0,2,0,1,3
120083,2009,0,0,1,0,0,0,2,0,1,2
120083,2010,0,0,1,0,0,0,2,0,1,1
120086,2006,0,0,1,0,0,0,2,0,1,4
120086,2007,0,0,1,0,0,0,2,0,1,4
120086,2008,0,0,1,0,0,0,2,0,1,6
120086,2009,0,0,1,0,0,0,2,0,1,2
120086,2010,0,0,1,0,0,0,2,0,1,1
120087,2006,0,0,1,0,0,0,2,0,1,4
120087,2007,0,0,1,0,0,0,2,0,1,7
120087,2008,0,0,1,0,0,0,2,0,1,7
120087,2009,0,0,1,0,0,0,2,0,1,4
120087,2010,0,0,1,0,0,0,2,0,1,6
120088,2006,0,0,1,0,0,0,2,0,1,0
120088,2007,0,0,1,0,0,0,2,0,1,0
120088,2008,0,0,1,0,0,0,2,0,1,0
120088,2009,0,0,1,0,0,0,2,0,1,0
120088,2010,0,0,1,0,0,0,2,0,1,1
120090,2009,0,0,1,0,0,0,2,0,1,0
120090,2010,0,0,1,0,0,0,2,0,1,0
120091,2006,0,0,1,0,0,0,2,0,1,2
120091,2007,0,0,1,0,0,0,2,0,1,10
120091,2008,0,0,1,0,0,0,2,0,1,9
120091,2009,0,0,1,0,0,0,2,0,1,10
120091,2010,0,0,1,0,0,0,2,0,1,10
120092,2006,0,0,1,0,0,0,2,0,1,2
120092,2007,0,0,1,0,0,0,2,0,1,7
120092,2008,0,0,1,0,0,0,2,0,1,3
120092,2009,0,0,1,0,0,0,2,0,1,5
120092,2010,0,0,1,0,0,0,2,0,1,3
120095,2006,0,0,1,0,0,0,2,0,1,7
120095,2007,0,0,1,0,0,0,2,0,1,7
120095,2008,0,0,1,0,0,0,2,0,1,7
120095,2009,0,0,1,0,0,0,2,0,1,6
120095,2010,0,0,1,0,0,0,2,0,1,3
120097,2006,0,0,1,0,0,0,2,0,1,2
120097,2007,0,0,1,0,0,0,2,0,1,2
120097,2008,0,0,1,0,0,0,2,0,1,1
120097,2009,0,0,1,0,0,0,2,0,1,2
120097,2010,0,0,1,0,0,0,2,0,1,2
120100,2006,0,0,1,0,0,0,2,0,1,3
120100,2007,0,0,1,0,0,0,2,0,1,0
120100,2008,0,0,1,0,0,0,2,0,1,4
120100,2009,0,0,1,0,0,0,2,0,1,2
120100,2010,0,0,1,0,0,0,2,0,1,2
120103,2006,0,0,1,0,0,0,2,0,1,1
120103,2007,0,0,1,0,0,0,2,0,1,2
120103,2008,0,0,1,0,0,0,2,0,1,1
120103,2009,0,0,1,0,0,0,2,0,1,0
120103,2010,0,0,1,0,0,0,2,0,1,1
130084,2006,0,0,0,1,0,0,2,0,1,0
130084,2007,0,0,0,1,0,0,2,0,1,0
130084,2008,0,0,0,1,0,0,2,0,1,0
130084,2009,0,0,0,1,0,0,2,0,1,0
130084,2010,0,0,0,1,0,0,2,0,1,1
130099,2006,0,0,0,1,0,0,0,0,0,2
130099,2007,0,0,0,1,0,0,0,0,0,0
130099,2008,0,0,0,1,0,0,0,0,0,0
130099,2009,0,0,0,1,0,0,0,0,0,0
130099,2010,0,0,0,1,0,0,0,0,0,0
130198,2006,0,0,0,1,0,0,0,0,0,0
130198,2007,0,0,0,1,0,0,0,0,0,0
130198,2008,0,0,0,1,0,0,0,0,0,2
130198,2009,0,0,0,1,0,0,0,0,0,0
130198,2010,0,0,0,1,0,0,0,0,0,0
130427,2009,0,0,0,1,0,0,0,0,0,0
130427,2010,0,0,0,1,0,0,0,0,0,0
130490,2006,0,0,0,1,0,0,0,0,0,0
130490,2007,0,0,0,1,0,0,0,0,0,0
130490,2008,0,0,0,1,0,0,0,0,0,0
130490,2009,0,0,0,1,0,0,0,0,0,0
130490,2010,0,0,0,1,0,0,0,0,0,0
130658,2006,0,0,0,1,0,0,1,1,0,1
130658,2007,0,0,0,1,0,0,1,1,0,0
130658,2008,0,0,0,1,0,0,1,1,0,0
130658,2009,0,0,0,1,0,0,1,1,0,0
130658,2010,0,0,0,1,0,0,1,1,0,1
130714,2006,0,0,0,1,0,0,1,1,0,0
130714,2007,0,0,0,1,0,0,1,1,0,3
130714,2008,0,0,0,1,0,0,1,1,0,2
130714,2009,0,0,0,1,0,0,1,1,0,1
130714,2010,0,0,0,1,0,0,1,1,0,1
130721,2006,0,0,0,1,0,0,1,1,0,0
130721,2007,0,0,0,1,0,0,1,1,0,0
130721,2008,0,0,0,1,0,0,1,1,0,0
130721,2009,0,0,0,1,0,0,1,1,0,0
130721,2010,0,0,0,1,0,0,1,1,0,0
130911,2006,0,0,0,1,0,0,0,0,0,0
130911,2007,0,0,0,1,0,0,0,0,0,0
130911,2008,0,0,0,1,0,0,0,0,0,0
130911,2009,0,0,0,1,0,0,0,0,0,0
130911,2010,0,0,0,1,0,0,0,0,0,0
131088,2006,0,0,0,1,0,0,0,0,0,0
131088,2007,0,0,0,1,0,0,0,0,0,0
131088,2008,0,0,0,1,0,0,0,0,0,0
131088,2009,0,0,0,1,0,0,0,0,0,0
131088,2010,0,0,0,1,0,0,0,0,0,0
131112,2007,0,0,0,1,0,0,0,0,0,0
131112,2008,0,0,0,1,0,0,0,0,0,0
131112,2009,0,0,0,1,0,0,0,0,0,0
131112,2010,0,0,0,1,0,0,0,0,0,0
131162,2007,0,0,0,1,0,0,0,0,0,0
131162,2008,0,0,0,1,0,0,0,0,0,0
131162,2009,0,0,0,1,0,0,0,0,0,0
131169,2006,0,0,0,1,0,0,0,0,0,0
131169,2007,0,0,0,1,0,0,0,0,0,0
131169,2008,0,0,0,1,0,0,0,0,0,0
131169,2009,0,0,0,1,0,0,0,0,0,1
131169,2010,0,0,0,1,0,0,0,0,0,0
131202,2006,0,0,0,1,0,0,1,1,0,0
131202,2007,0,0,0,1,0,0,1,1,0,0
131202,2008,0,0,0,1,0,0,1,1,0,0
131202,2009,0,0,0,1,0,0,1,1,0,0
131202,2010,0,0,0,1,0,0,1,1,0,0
131262,2006,0,0,0,1,0,0,0,0,0,0
131262,2007,0,0,0,1,0,0,0,0,0,0
131262,2008,0,0,0,1,0,0,0,0,0,0
131262,2009,0,0,0,1,0,0,0,0,0,0
131262,2010,0,0,0,1,0,0,0,0,0,0
131295,2006,0,0,0,1,0,0,0,0,0,0
131295,2007,0,0,0,1,0,0,0,0,0,0
131295,2008,0,0,0,1,0,0,0,0,0,0
131295,2009,0,0,0,1,0,0,0,0,0,0
131295,2010,0,0,0,1,0,0,0,0,0,0
131407,2009,0,0,0,1,0,0,2,0,1,0
131407,2010,0,0,0,1,0,0,2,0,1,0
131428,2006,0,0,0,1,0,0,0,0,0,0
131428,2007,0,0,0,1,0,0,0,0,0,0
131428,2008,0,0,0,1,0,0,0,0,0,0
131428,2009,0,0,0,1,0,0,0,0,0,0
131428,2010,0,0,0,1,0,0,0,0,0,0
131638,2006,0,0,0,1,0,0,0,0,0,0
131638,2007,0,0,0,1,0,0,0,0,0,0
131638,2008,0,0,0,1,0,0,0,0,0,0
131638,2009,0,0,0,1,0,0,0,0,0,0
131638,2010,0,0,0,1,0,0,0,0,0,0
131645,2006,0,0,0,1,0,0,1,1,0,1
132058,2006,0,0,0,1,0,0,1,1,0,0
132058,2007,0,0,0,1,0,0,1,1,0,0
132058,2008,0,0,0,1,0,0,1,1,0,0
132058,2009,0,0,0,1,0,0,1,1,0,0
132058,2010,0,0,0,1,0,0,1,1,0,0
132128,2006,0,0,0,1,0,0,0,0,0,0
132128,2007,0,0,0,1,0,0,0,0,0,0
132128,2008,0,0,0,1,0,0,0,0,0,0
132128,2009,0,0,0,1,0,0,0,0,0,0
132128,2010,0,0,0,1,0,0,0,0,0,0
132296,2006,0,0,0,1,0,0,1,1,0,0
132296,2007,0,0,0,1,0,0,1,1,0,1
132296,2008,0,0,0,1,0,0,1,1,0,0
132296,2009,0,0,0,1,0,0,1,1,0,1
132296,2010,0,0,0,1,0,0,1,1,0,0
132303,2006,0,0,0,1,0,0,1,1,0,0
132303,2007,0,0,0,1,0,0,1,1,0,0
132303,2008,0,0,0,1,0,0,1,1,0,0
132303,2009,0,0,0,1,0,0,1,1,0,0
132303,2010,0,0,0,1,0,0,1,1,0,0
132420,2006,0,0,0,1,0,0,1,1,0,0
132420,2007,0,0,0,1,0,0,1,1,0,0
132420,2008,0,0,0,1,0,0,1,1,0,0
132420,2009,0,0,0,1,0,0,1,1,0,0
132420,2010,0,0,0,1,0,0,1,1,0,0
132427,2006,0,0,0,1,0,0,1,1,0,1
132427,2007,0,0,0,1,0,0,1,1,0,0
132427,2008,0,0,0,1,0,0,1,1,0,0
132427,2009,0,0,0,1,0,0,1,1,0,0
132427,2010,0,0,0,1,0,0,1,1,0,0
132436,2006,0,0,0,1,0,0,1,1,0,0
132436,2007,0,0,0,1,0,0,1,1,0,0
132436,2008,0,0,0,1,0,0,1,1,0,0
132646,2010,0,0,0,1,0,0,0,0,0,0
132798,2006,0,0,0,1,0,0,2,0,1,1
132798,2007,0,0,0,1,0,0,2,0,1,13
132798,2008,0,0,0,1,0,0,2,0,1,3
132798,2009,0,0,0,1,0,0,2,0,1,1
132798,2010,0,0,0,1,0,0,2,0,1,2
132805,2006,0,0,0,1,0,0,1,1,0,0
132805,2007,0,0,0,1,0,0,1,1,0,0
132805,2008,0,0,0,1,0,0,1,1,0,0
132805,2009,0,0,0,1,0,0,1,1,0,0
132805,2010,0,0,0,1,0,0,1,1,0,1
132828,2006,0,0,0,1,0,0,0,0,0,2
132828,2007,0,0,0,1,0,0,0,0,0,0
132898,2006,0,0,0,1,0,0,1,1,0,0
132898,2007,0,0,0,1,0,0,1,1,0,0
132898,2008,0,0,0,1,0,0,1,1,0,0
132898,2009,0,0,0,1,0,0,1,1,0,0
132898,2010,0,0,0,1,0,0,1,1,0,0
133122,2006,0,0,0,1,0,0,0,0,0,0
133122,2007,0,0,0,1,0,0,0,0,0,0
133122,2008,0,0,0,1,0,0,0,0,0,0
133122,2009,0,0,0,1,0,0,0,0,0,0
133122,2010,0,0,0,1,0,0,0,0,0,0
133304,2006,0,0,0,1,0,0,0,0,0,0
133304,2007,0,0,0,1,0,0,0,0,0,0
133304,2008,0,0,0,1,0,0,0,0,0,0
133339,2006,0,0,0,1,0,0,1,1,0,0
133339,2007,0,0,0,1,0,0,1,1,0,0
133339,2008,0,0,0,1,0,0,1,1,0,0
133339,2009,0,0,0,1,0,0,1,1,0,0
133339,2010,0,0,0,1,0,0,1,1,0,0
133409,2006,0,0,0,1,0,0,1,1,0,0
133409,2007,0,0,0,1,0,0,1,1,0,0
133409,2008,0,0,0,1,0,0,1,1,0,1
133409,2009,0,0,0,1,0,0,1,1,0,1
133409,2010,0,0,0,1,0,0,1,1,0,0
133432,2006,0,0,0,1,0,0,1,1,0,0
133432,2007,0,0,0,1,0,0,1,1,0,0
133432,2008,0,0,0,1,0,0,1,1,0,0
133432,2009,0,0,0,1,0,0,1,1,0,0
133432,2010,0,0,0,1,0,0,1,1,0,0
133437,2006,0,0,0,1,0,0,1,1,0,0
133437,2007,0,0,0,1,0,0,1,1,0,0
133437,2008,0,0,0,1,0,0,1,1,0,0
133437,2009,0,0,0,1,0,0,1,1,0,1
133437,2010,0,0,0,1,0,0,1,1,0,0
133495,2006,0,0,0,1,0,0,1,1,0,0
133495,2007,0,0,0,1,0,0,1,1,0,0
133495,2008,0,0,0,1,0,0,1,1,0,0
133495,2009,0,0,0,1,0,0,1,1,0,0
133495,2010,0,0,0,1,0,0,1,1,0,0
133633,2006,0,0,0,1,0,0,0,0,0,0
133633,2007,0,0,0,1,0,0,0,0,0,0
133633,2008,0,0,0,1,0,0,0,0,0,0
133633,2009,0,0,0,1,0,0,0,0,0,0
133633,2010,0,0,0,1,0,0,0,0,0,0
133640,2006,0,0,0,1,0,0,2,0,1,0
133640,2007,0,0,0,1,0,0,2,0,1,0
133640,2008,0,0,0,1,0,0,2,0,1,1
133640,2009,0,0,0,1,0,0,2,0,1,0
133640,2010,0,0,0,1,0,0,2,0,1,0
133689,2006,0,0,0,1,0,0,0,0,0,0
133689,2007,0,0,0,1,0,0,0,0,0,0
133689,2008,0,0,0,1,0,0,0,0,0,0
133689,2009,0,0,0,1,0,0,0,0,0,0
133689,2010,0,0,0,1,0,0,0,0,0,0
133860,2006,0,0,0,1,0,0,1,1,0,0
133860,2007,0,0,0,1,0,0,1,1,0,0
133860,2008,0,0,0,1,0,0,1,1,0,0
133860,2009,0,0,0,1,0,0,1,1,0,0
133860,2010,0,0,0,1,0,0,1,1,0,1
133925,2006,0,0,0,1,0,0,1,1,0,0
133925,2007,0,0,0,1,0,0,1,1,0,0
133934,2006,0,0,0,1,0,0,2,0,1,1
133934,2007,0,0,0,1,0,0,2,0,1,0
133934,2008,0,0,0,1,0,0,2,0,1,0
133934,2009,0,0,0,1,0,0,2,0,1,0
133934,2010,0,0,0,1,0,0,2,0,1,0
133941,2006,0,0,0,1,0,0,0,0,0,0
133941,2007,0,0,0,1,0,0,0,0,0,0
133941,2008,0,0,0,1,0,0,0,0,0,0
133941,2009,0,0,0,1,0,0,0,0,0,0
133941,2010,0,0,0,1,0,0,0,0,0,0
134019,2006,0,0,0,1,0,0,1,1,0,0
134019,2007,0,0,0,1,0,0,1,1,0,2
134019,2008,0,0,0,1,0,0,1,1,0,0
134019,2009,0,0,0,1,0,0,1,1,0,0
134019,2010,0,0,0,1,0,0,1,1,0,0
134060,2006,0,0,0,1,0,0,1,1,0,0
134060,2007,0,0,0,1,0,0,1,1,0,0
134060,2008,0,0,0,1,0,0,1,1,0,0
134060,2009,0,0,0,1,0,0,1,1,0,0
134060,2010,0,0,0,1,0,0,1,1,0,0
134067,2006,0,0,0,1,0,0,0,0,0,0
134067,2008,0,0,0,1,0,0,0,0,0,0
134067,2009,0,0,0,1,0,0,0,0,0,0
134067,2010,0,0,0,1,0,0,0,0,0,1
134144,2006,0,0,0,1,0,0,0,0,0,0
134144,2007,0,0,0,1,0,0,0,0,0,0
134144,2008,0,0,0,1,0,0,0,0,0,0
134144,2009,0,0,0,1,0,0,0,0,0,0
134144,2010,0,0,0,1,0,0,0,0,0,0
134221,2006,0,0,0,1,0,0,0,0,0,0
134221,2007,0,0,0,1,0,0,0,0,0,0
134221,2008,0,0,0,1,0,0,0,0,0,1
134221,2009,0,0,0,1,0,0,0,0,0,0
134221,2010,0,0,0,1,0,0,0,0,0,0
134223,2006,0,0,0,1,0,0,0,0,0,0
134223,2007,0,0,0,1,0,0,0,0,0,0
134223,2008,0,0,0,1,0,0,0,0,0,0
134223,2009,0,0,0,1,0,0,0,0,0,0
134223,2010,0,0,0,1,0,0,0,0,0,0
134244,2006,0,0,0,1,0,0,1,1,0,0
134244,2007,0,0,0,1,0,0,1,1,0,0
134244,2008,0,0,0,1,0,0,1,1,0,0
134244,2009,0,0,0,1,0,0,1,1,0,1
134244,2010,0,0,0,1,0,0,1,1,0,0
134250,2006,0,0,0,1,0,0,0,0,0,0
134250,2007,0,0,0,1,0,0,0,0,0,0
134250,2008,0,0,0,1,0,0,0,0,0,0
134250,2009,0,0,0,1,0,0,0,0,0,0
134250,2010,0,0,0,1,0,0,0,0,0,0
134312,2006,0,0,0,1,0,0,0,0,0,0
134312,2007,0,0,0,1,0,0,0,0,0,0
134312,2008,0,0,0,1,0,0,0,0,0,0
134312,2009,0,0,0,1,0,0,0,0,0,0
134312,2010,0,0,0,1,0,0,0,0,0,0
134571,2006,0,0,0,1,0,0,1,1,0,0
134571,2007,0,0,0,1,0,0,1,1,0,0
134571,2008,0,0,0,1,0,0,1,1,0,1
134634,2008,0,0,0,1,0,0,1,1,0,0
134634,2009,0,0,0,1,0,0,1,1,0,0
134634,2010,0,0,0,1,0,0,1,1,0,1
134642,2006,0,0,0,1,0,0,0,0,0,0
134642,2007,0,0,0,1,0,0,0,0,0,1
134642,2008,0,0,0,1,0,0,0,0,0,0
134642,2009,0,0,0,1,0,0,0,0,0,0
134642,2010,0,0,0,1,0,0,0,0,0,0
134715,2006,0,0,0,1,0,0,0,0,0,0
134715,2007,0,0,0,1,0,0,0,0,0,0
134715,2008,0,0,0,1,0,0,0,0,0,0
134715,2009,0,0,0,1,0,0,0,0,0,0
134715,2010,0,0,0,1,0,0,0,0,0,0
134781,2006,0,0,0,1,0,0,1,1,0,0
134781,2007,0,0,0,1,0,0,1,1,0,0
134802,2006,0,0,0,1,0,0,1,1,0,0
134802,2007,0,0,0,1,0,0,1,1,0,2
134802,2008,0,0,0,1,0,0,1,1,0,1
134802,2009,0,0,0,1,0,0,1,1,0,0
134802,2010,0,0,0,1,0,0,1,1,0,0
134853,2006,0,0,0,1,0,0,0,0,0,0
134853,2007,0,0,0,1,0,0,0,0,0,0
134853,2008,0,0,0,1,0,0,0,0,0,0
134853,2009,0,0,0,1,0,0,0,0,0,0
134853,2010,0,0,0,1,0,0,0,0,0,2
134871,2006,0,0,0,1,0,0,1,1,0,0
134871,2007,0,0,0,1,0,0,1,1,0,0
134871,2008,0,0,0,1,0,0,1,1,0,0
134871,2009,0,0,0,1,0,0,1,1,0,0
134871,2010,0,0,0,1,0,0,1,1,0,0
134971,2006,0,0,0,1,0,0,1,1,0,0
134971,2007,0,0,0,1,0,0,1,1,0,1
134971,2008,0,0,0,1,0,0,1,1,0,2
134971,2009,0,0,0,1,0,0,1,1,0,0
134971,2010,0,0,0,1,0,0,1,1,0,0
135474,2006,0,0,0,1,0,0,0,0,0,0
135474,2007,0,0,0,1,0,0,0,0,0,0
135474,2008,0,0,0,1,0,0,0,0,0,0
135474,2009,0,0,0,1,0,0,0,0,0,0
135474,2010,0,0,0,1,0,0,0,0,0,0
135640,2006,0,0,0,1,0,0,2,0,1,0
135640,2007,0,0,0,1,0,0,2,0,1,0
135640,2008,0,0,0,1,0,0,2,0,1,0
135640,2009,0,0,0,1,0,0,2,0,1,0
135640,2010,0,0,0,1,0,0,2,0,1,0
135726,2006,0,0,0,1,0,0,0,0,0,1
135726,2007,0,0,0,1,0,0,0,0,0,0
135726,2008,0,0,0,1,0,0,0,0,0,0
135726,2009,0,0,0,1,0,0,0,0,0,0
135726,2010,0,0,0,1,0,0,0,0,0,0
135824,2006,0,0,0,1,0,0,0,0,0,0
135824,2007,0,0,0,1,0,0,0,0,0,0
135824,2008,0,0,0,1,0,0,0,0,0,0
135824,2009,0,0,0,1,0,0,0,0,0,0
135824,2010,0,0,0,1,0,0,0,0,0,0
135902,2006,0,0,0,1,0,0,1,1,0,0
135902,2007,0,0,0,1,0,0,1,1,0,0
135902,2008,0,0,0,1,0,0,1,1,0,0
135902,2009,0,0,0,1,0,0,1,1,0,0
135902,2010,0,0,0,1,0,0,1,1,0,0
135992,2010,0,0,0,1,0,0,1,1,0,1
136030,2006,0,0,0,1,0,0,1,1,0,0
136030,2007,0,0,0,1,0,0,1,1,0,1
136125,2006,0,0,0,1,0,0,1,1,0,0
136125,2007,0,0,0,1,0,0,1,1,0,0
136125,2008,0,0,0,1,0,0,1,1,0,0
136125,2009,0,0,0,1,0,0,1,1,0,0
136125,2010,0,0,0,1,0,0,1,1,0,0
136245,2006,0,0,0,1,0,0,1,1,0,0
136245,2007,0,0,0,1,0,0,1,1,0,0
136245,2008,0,0,0,1,0,0,1,1,0,2
136245,2009,0,0,0,1,0,0,1,1,0,0
136245,2010,0,0,0,1,0,0,1,1,0,3
136419,2006,0,0,0,1,0,0,1,1,0,0
136419,2007,0,0,0,1,0,0,1,1,0,0
136419,2008,0,0,0,1,0,0,1,1,0,0
136419,2009,0,0,0,1,0,0,1,1,0,0
136419,2010,0,0,0,1,0,0,1,1,0,0
136453,2006,0,0,0,1,0,0,0,0,0,0
136453,2007,0,0,0,1,0,0,0,0,0,0
136453,2008,0,0,0,1,0,0,0,0,0,0
136453,2009,0,0,0,1,0,0,0,0,0,0
136453,2010,0,0,0,1,0,0,0,0,0,0
136630,2006,0,0,0,1,0,0,1,1,0,1
136630,2007,0,0,0,1,0,0,1,1,0,0
136630,2008,0,0,0,1,0,0,1,1,0,0
136630,2009,0,0,0,1,0,0,1,1,0,1
136630,2010,0,0,0,1,0,0,1,1,0,1
138001,2006,0,0,0,1,0,0,0,0,0,0
138001,2007,0,0,0,1,0,0,0,0,0,0
138001,2008,0,0,0,1,0,0,0,0,0,0
138001,2009,0,0,0,1,0,0,0,0,0,0
138001,2010,0,0,0,1,0,0,0,0,0,0
138002,2006,0,0,0,1,0,0,2,0,1,1
138002,2007,0,0,0,1,0,0,2,0,1,1
138003,2006,0,0,0,1,0,0,0,0,0,1
138003,2007,0,0,0,1,0,0,0,0,0,0
138003,2008,0,0,0,1,0,0,0,0,0,0
138004,2006,0,0,0,1,0,0,0,0,0,0
138004,2007,0,0,0,1,0,0,0,0,0,0
138004,2008,0,0,0,1,0,0,0,0,0,0
138004,2009,0,0,0,1,0,0,0,0,0,0
138004,2010,0,0,0,1,0,0,0,0,0,0
138005,2006,0,0,0,1,0,0,0,0,0,0
138005,2007,0,0,0,1,0,0,0,0,0,0
138005,2008,0,0,0,1,0,0,0,0,0,0
138006,2006,0,0,0,1,0,0,1,1,0,1
138006,2007,0,0,0,1,0,0,1,1,0,3
138006,2008,0,0,0,1,0,0,1,1,0,2
138006,2009,0,0,0,1,0,0,1,1,0,1
138006,2010,0,0,0,1,0,0,1,1,0,2
138007,2006,0,0,0,1,0,0,1,1,0,0
138007,2007,0,0,0,1,0,0,1,1,0,2
138007,2008,0,0,0,1,0,0,1,1,0,1
138007,2009,0,0,0,1,0,0,1,1,0,2
138007,2010,0,0,0,1,0,0,1,1,0,1
138010,2006,0,0,0,1,0,0,0,0,0,1
138010,2007,0,0,0,1,0,0,0,0,0,0
138010,2008,0,0,0,1,0,0,0,0,0,0
138010,2009,0,0,0,1,0,0,0,0,0,0
138010,2010,0,0,0,1,0,0,0,0,0,0
138011,2006,0,0,0,1,0,0,1,1,0,1
138011,2007,0,0,0,1,0,0,1,1,0,0
138011,2008,0,0,0,1,0,0,1,1,0,0
138011,2009,0,0,0,1,0,0,1,1,0,0
138011,2010,0,0,0,1,0,0,1,1,0,0
138014,2006,0,0,0,1,0,0,1,1,0,1
138014,2007,0,0,0,1,0,0,1,1,0,0
138014,2008,0,0,0,1,0,0,1,1,0,0
138014,2009,0,0,0,1,0,0,1,1,0,0
138014,2010,0,0,0,1,0,0,1,1,0,0
138015,2006,0,0,0,1,0,0,2,0,1,0
138015,2007,0,0,0,1,0,0,2,0,1,0
138015,2008,0,0,0,1,0,0,2,0,1,1
138015,2009,0,0,0,1,0,0,2,0,1,0
138015,2010,0,0,0,1,0,0,2,0,1,1
138016,2006,0,0,0,1,0,0,1,1,0,0
138016,2007,0,0,0,1,0,0,1,1,0,0
138016,2008,0,0,0,1,0,0,1,1,0,1
138016,2009,0,0,0,1,0,0,1,1,0,0
138016,2010,0,0,0,1,0,0,1,1,0,0
138019,2006,0,0,0,1,0,0,2,0,1,0
138019,2007,0,0,0,1,0,0,2,0,1,0
138019,2008,0,0,0,1,0,0,2,0,1,0
138019,2009,0,0,0,1,0,0,2,0,1,0
138019,2010,0,0,0,1,0,0,2,0,1,0
138020,2006,0,0,0,1,0,0,1,1,0,1
138020,2007,0,0,0,1,0,0,1,1,0,0
138020,2008,0,0,0,1,0,0,1,1,0,0
138020,2009,0,0,0,1,0,0,1,1,0,0
138020,2010,0,0,0,1,0,0,1,1,0,0
138028,2006,0,0,0,1,0,0,0,0,0,0
138028,2007,0,0,0,1,0,0,0,0,0,0
138028,2008,0,0,0,1,0,0,0,0,0,0
138033,2006,0,0,0,1,0,0,0,0,0,0
138033,2007,0,0,0,1,0,0,0,0,0,0
138033,2008,0,0,0,1,0,0,0,0,0,0
138033,2009,0,0,0,1,0,0,0,0,0,0
138033,2010,0,0,0,1,0,0,0,0,0,0
138038,2006,0,0,0,1,0,0,1,1,0,0
138038,2007,0,0,0,1,0,0,1,1,0,0
138038,2008,0,0,0,1,0,0,1,1,0,0
138038,2009,0,0,0,1,0,0,1,1,0,0
138038,2010,0,0,0,1,0,0,1,1,0,0
138044,2008,0,0,0,1,0,0,0,0,0,0
138044,2009,0,0,0,1,0,0,0,0,0,0
138044,2010,0,0,0,1,0,0,0,0,0,0
138045,2006,0,0,0,1,0,0,0,0,0,0
138045,2007,0,0,0,1,0,0,0,0,0,0
138045,2008,0,0,0,1,0,0,0,0,0,0
138045,2009,0,0,0,1,0,0,0,0,0,0
138045,2010,0,0,0,1,0,0,0,0,0,0
138056,2006,0,0,0,1,0,0,2,0,1,0
138056,2007,0,0,0,1,0,0,2,0,1,0
138056,2008,0,0,0,1,0,0,2,0,1,1
138056,2009,0,0,0,1,0,0,2,0,1,1
138056,2010,0,0,0,1,0,0,2,0,1,0
138067,2006,0,0,0,1,0,0,0,0,0,0
138067,2007,0,0,0,1,0,0,0,0,0,0
138067,2008,0,0,0,1,0,0,0,0,0,0
138067,2009,0,0,0,1,0,0,0,0,0,0
138067,2010,0,0,0,1,0,0,0,0,0,0
138070,2006,0,0,0,1,0,0,1,1,0,0
138070,2007,0,0,0,1,0,0,1,1,0,0
138070,2008,0,0,0,1,0,0,1,1,0,0
138070,2009,0,0,0,1,0,0,1,1,0,0
138070,2010,0,0,0,1,0,0,1,1,0,0
138072,2006,0,0,0,1,0,0,2,0,1,1
138073,2009,0,0,0,1,0,0,2,0,1,2
138073,2010,0,0,0,1,0,0,2,0,1,2
138078,2006,0,0,0,1,0,0,2,0,1,1
138078,2007,0,0,0,1,0,0,2,0,1,0
138078,2008,0,0,0,1,0,0,2,0,1,0
138078,2009,0,0,0,1,0,0,2,0,1,1
138078,2010,0,0,0,1,0,0,2,0,1,0
138092,2006,0,0,0,1,0,0,0,0,0,0
138092,2007,0,0,0,1,0,0,0,0,0,0
138092,2008,0,0,0,1,0,0,0,0,0,1
138092,2009,0,0,0,1,0,0,0,0,0,0
138092,2010,0,0,0,1,0,0,0,0,0,0
138094,2006,0,0,0,1,0,0,1,1,0,2
138094,2007,0,0,0,1,0,0,1,1,0,0
138094,2008,0,0,0,1,0,0,1,1,0,1
138094,2009,0,0,0,1,0,0,1,1,0,1
138094,2010,0,0,0,1,0,0,1,1,0,1
138096,2006,0,0,0,1,0,0,0,0,0,1
138096,2007,0,0,0,1,0,0,0,0,0,0
138096,2008,0,0,0,1,0,0,0,0,0,0
138096,2009,0,0,0,1,0,0,0,0,0,0
138096,2010,0,0,0,1,0,0,0,0,0,0
138102,2007,0,0,0,1,0,0,0,0,0,0
138102,2008,0,0,0,1,0,0,0,0,0,0
138102,2009,0,0,0,1,0,0,0,0,0,1
138102,2010,0,0,0,1,0,0,0,0,0,0
138104,2006,0,0,0,1,0,0,2,0,1,0
138104,2007,0,0,0,1,0,0,2,0,1,0
138104,2008,0,0,0,1,0,0,2,0,1,0
138104,2009,0,0,0,1,0,0,2,0,1,0
138104,2010,0,0,0,1,0,0,2,0,1,0
138105,2008,0,0,0,1,0,0,0,0,0,0
138105,2009,0,0,0,1,0,0,0,0,0,0
138105,2010,0,0,0,1,0,0,0,0,0,0
138108,2006,0,0,0,1,0,0,0,0,0,0
138108,2007,0,0,0,1,0,0,0,0,0,0
138108,2008,0,0,0,1,0,0,0,0,0,1
138108,2009,0,0,0,1,0,0,0,0,0,0
138108,2010,0,0,0,1,0,0,0,0,0,1
138109,2006,0,0,0,1,0,0,2,0,1,1
138109,2007,0,0,0,1,0,0,2,0,1,3
138109,2008,0,0,0,1,0,0,2,0,1,1
138109,2009,0,0,0,1,0,0,2,0,1,1
138109,2010,0,0,0,1,0,0,2,0,1,11
138110,2006,0,0,0,1,0,0,0,0,0,0
138110,2007,0,0,0,1,0,0,0,0,0,0
138110,2008,0,0,0,1,0,0,0,0,0,0
138114,2006,0,0,0,1,0,0,1,1,0,0
138114,2007,0,0,0,1,0,0,1,1,0,0
138114,2008,0,0,0,1,0,0,1,1,0,0
138114,2009,0,0,0,1,0,0,1,1,0,0
138114,2010,0,0,0,1,0,0,1,1,0,0
138115,2006,0,0,0,1,0,0,0,0,0,0
138115,2007,0,0,0,1,0,0,0,0,0,0
138115,2008,0,0,0,1,0,0,0,0,0,0
138115,2009,0,0,0,1,0,0,0,0,0,0
138115,2010,0,0,0,1,0,0,0,0,0,0
138117,2006,0,0,0,1,0,0,0,0,0,1
138117,2007,0,0,0,1,0,0,0,0,0,0
138117,2008,0,0,0,1,0,0,0,0,0,1
138117,2009,0,0,0,1,0,0,0,0,0,0
138117,2010,0,0,0,1,0,0,0,0,0,0
138124,2006,0,0,0,1,0,0,2,0,1,2
138124,2007,0,0,0,1,0,0,2,0,1,4
138124,2008,0,0,0,1,0,0,2,0,1,1
138124,2009,0,0,0,1,0,0,2,0,1,4
138124,2010,0,0,0,1,0,0,2,0,1,5
138126,2006,0,0,0,1,0,0,1,1,0,0
138126,2007,0,0,0,1,0,0,1,1,0,0
138126,2008,0,0,0,1,0,0,1,1,0,1
138126,2009,0,0,0,1,0,0,1,1,0,0
138126,2010,0,0,0,1,0,0,1,1,0,0
138128,2006,0,0,0,1,0,0,0,0,0,0
138128,2007,0,0,0,1,0,0,0,0,0,0
138128,2008,0,0,0,1,0,0,0,0,0,0
138128,2009,0,0,0,1,0,0,0,0,0,0
138128,2010,0,0,0,1,0,0,0,0,0,0
138134,2006,0,0,0,1,0,0,0,0,0,0
138134,2007,0,0,0,1,0,0,0,0,0,1
138134,2008,0,0,0,1,0,0,0,0,0,0
138134,2009,0,0,0,1,0,0,0,0,0,0
138134,2010,0,0,0,1,0,0,0,0,0,0
138136,2006,0,0,0,1,0,0,2,0,1,0
138136,2007,0,0,0,1,0,0,2,0,1,1
138137,2006,0,0,0,1,0,0,1,1,0,0
138137,2007,0,0,0,1,0,0,1,1,0,1
138139,2006,0,0,0,1,0,0,1,1,0,0
138139,2007,0,0,0,1,0,0,1,1,0,0
138139,2008,0,0,0,1,0,0,1,1,0,0
138139,2009,0,0,0,1,0,0,1,1,0,0
138139,2010,0,0,0,1,0,0,1,1,0,1
138142,2006,0,0,0,1,0,0,0,0,0,0
138142,2007,0,0,0,1,0,0,0,0,0,0
138142,2008,0,0,0,1,0,0,0,0,0,0
138142,2009,0,0,0,1,0,0,0,0,0,0
138142,2010,0,0,0,1,0,0,0,0,0,0
138143,2006,0,0,0,1,0,0,1,1,0,0
138143,2007,0,0,0,1,0,0,1,1,0,1
138143,2008,0,0,0,1,0,0,1,1,0,1
138143,2009,0,0,0,1,0,0,1,1,0,0
138143,2010,0,0,0,1,0,0,1,1,0,2
138144,2006,0,0,0,1,0,0,0,0,0,0
138144,2007,0,0,0,1,0,0,0,0,0,1
138144,2008,0,0,0,1,0,0,0,0,0,0
138144,2009,0,0,0,1,0,0,0,0,0,0
138144,2010,0,0,0,1,0,0,0,0,0,0
138145,2006,0,0,0,1,0,0,2,0,1,0
138145,2007,0,0,0,1,0,0,2,0,1,0
138145,2008,0,0,0,1,0,0,2,0,1,0
138145,2009,0,0,0,1,0,0,2,0,1,1
138145,2010,0,0,0,1,0,0,2,0,1,0
138146,2006,0,0,0,1,0,0,2,0,1,0
138146,2007,0,0,0,1,0,0,2,0,1,0
138146,2008,0,0,0,1,0,0,2,0,1,1
138146,2009,0,0,0,1,0,0,2,0,1,0
138146,2010,0,0,0,1,0,0,2,0,1,0
138151,2006,0,0,0,1,0,0,0,0,0,0
138152,2006,0,0,0,1,0,0,0,0,0,0
138152,2007,0,0,0,1,0,0,0,0,0,0
138152,2008,0,0,0,1,0,0,0,0,0,0
138152,2009,0,0,0,1,0,0,0,0,0,0
138152,2010,0,0,0,1,0,0,0,0,0,0
138155,2006,0,0,0,1,0,0,0,0,0,0
138155,2007,0,0,0,1,0,0,0,0,0,0
138155,2008,0,0,0,1,0,0,0,0,0,0
138155,2009,0,0,0,1,0,0,0,0,0,0
138155,2010,0,0,0,1,0,0,0,0,0,0
138156,2006,0,0,0,1,0,0,1,1,0,0
138156,2007,0,0,0,1,0,0,1,1,0,1
138156,2008,0,0,0,1,0,0,1,1,0,6
138156,2009,0,0,0,1,0,0,1,1,0,1
138156,2010,0,0,0,1,0,0,1,1,0,4
138157,2007,0,0,0,1,0,0,0,0,0,0
138159,2006,0,0,0,1,0,0,2,0,1,1
138159,2007,0,0,0,1,0,0,2,0,1,0
138159,2008,0,0,0,1,0,0,2,0,1,0
138159,2009,0,0,0,1,0,0,2,0,1,0
138159,2010,0,0,0,1,0,0,2,0,1,2
138164,2006,0,0,0,1,0,0,0,0,0,0
138164,2007,0,0,0,1,0,0,0,0,0,0
138164,2008,0,0,0,1,0,0,0,0,0,0
138164,2009,0,0,0,1,0,0,0,0,0,0
138164,2010,0,0,0,1,0,0,0,0,0,0
138165,2006,0,0,0,1,0,0,1,1,0,0
138165,2007,0,0,0,1,0,0,1,1,0,0
138165,2008,0,0,0,1,0,0,1,1,0,0
138165,2009,0,0,0,1,0,0,1,1,0,0
138165,2010,0,0,0,1,0,0,1,1,0,1
138166,2006,0,0,0,1,0,0,0,0,0,0
138166,2007,0,0,0,1,0,0,0,0,0,1
138166,2008,0,0,0,1,0,0,0,0,0,0
138166,2009,0,0,0,1,0,0,0,0,0,1
138166,2010,0,0,0,1,0,0,0,0,0,0
138169,2006,0,0,0,1,0,0,0,0,0,0
138169,2007,0,0,0,1,0,0,0,0,0,0
138169,2008,0,0,0,1,0,0,0,0,0,0
138169,2009,0,0,0,1,0,0,0,0,0,0
138169,2010,0,0,0,1,0,0,0,0,0,0
138170,2006,0,0,0,1,0,0,2,0,1,0
138170,2007,0,0,0,1,0,0,2,0,1,1
138170,2008,0,0,0,1,0,0,2,0,1,1
138170,2009,0,0,0,1,0,0,2,0,1,0
138170,2010,0,0,0,1,0,0,2,0,1,0
138172,2006,0,0,0,1,0,0,1,1,0,1
138172,2007,0,0,0,1,0,0,1,1,0,0
138172,2008,0,0,0,1,0,0,1,1,0,0
138172,2009,0,0,0,1,0,0,1,1,0,0
138172,2010,0,0,0,1,0,0,1,1,0,0
138173,2006,0,0,0,1,0,0,0,0,0,0
138173,2007,0,0,0,1,0,0,0,0,0,0
138173,2008,0,0,0,1,0,0,0,0,0,0
138173,2009,0,0,0,1,0,0,0,0,0,0
138173,2010,0,0,0,1,0,0,0,0,0,1
138174,2006,0,0,0,1,0,0,1,1,0,0
138174,2007,0,0,0,1,0,0,1,1,0,0
138174,2008,0,0,0,1,0,0,1,1,0,0
138174,2009,0,0,0,1,0,0,1,1,0,0
138174,2010,0,0,0,1,0,0,1,1,0,0
138177,2006,0,0,0,1,0,0,0,0,0,1
138177,2007,0,0,0,1,0,0,0,0,0,0
138177,2008,0,0,0,1,0,0,0,0,0,0
138177,2009,0,0,0,1,0,0,0,0,0,0
138177,2010,0,0,0,1,0,0,0,0,0,3
138178,2006,0,0,0,1,0,0,1,1,0,0
138178,2007,0,0,0,1,0,0,1,1,0,0
138178,2008,0,0,0,1,0,0,1,1,0,0
138178,2009,0,0,0,1,0,0,1,1,0,0
138178,2010,0,0,0,1,0,0,1,1,0,1
138183,2006,0,0,0,1,0,0,2,0,1,0
138186,2006,0,0,0,1,0,0,0,0,0,0
138186,2007,0,0,0,1,0,0,0,0,0,0
138186,2008,0,0,0,1,0,0,0,0,0,0
138186,2009,0,0,0,1,0,0,0,0,0,0
138186,2010,0,0,0,1,0,0,0,0,0,0
138187,2006,0,0,0,1,0,0,0,0,0,0
138190,2006,0,0,0,1,0,0,1,1,0,1
138190,2007,0,0,0,1,0,0,1,1,0,0
138190,2008,0,0,0,1,0,0,1,1,0,0
138190,2009,0,0,0,1,0,0,1,1,0,0
138190,2010,0,0,0,1,0,0,1,1,0,0
138192,2006,0,0,0,1,0,0,0,0,0,0
138192,2007,0,0,0,1,0,0,0,0,0,0
138192,2008,0,0,0,1,0,0,0,0,0,0
138192,2009,0,0,0,1,0,0,0,0,0,0
138192,2010,0,0,0,1,0,0,0,0,0,1
138193,2007,0,0,0,1,0,0,1,1,0,1
138193,2008,0,0,0,1,0,0,1,1,0,4
138193,2009,0,0,0,1,0,0,1,1,0,2
138193,2010,0,0,0,1,0,0,1,1,0,3
138298,2006,0,0,0,1,0,0,0,0,0,0
138298,2007,0,0,0,1,0,0,0,0,0,0
138298,2008,0,0,0,1,0,0,0,0,0,0
138298,2009,0,0,0,1,0,0,0,0,0,0
138298,2010,0,0,0,1,0,0,0,0,0,0
138301,2006,0,0,0,1,0,0,0,0,0,1
138301,2007,0,0,0,1,0,0,0,0,0,0
138301,2008,0,0,0,1,0,0,0,0,0,0
138301,2009,0,0,0,1,0,0,0,0,0,0
138301,2010,0,0,0,1,0,0,0,0,0,0
138302,2006,0,0,0,1,0,0,2,0,1,0
138302,2007,0,0,0,1,0,0,2,0,1,0
138302,2008,0,0,0,1,0,0,2,0,1,0
138302,2009,0,0,0,1,0,0,2,0,1,0
138302,2010,0,0,0,1,0,0,2,0,1,0
138303,2006,0,0,0,1,0,0,2,0,1,0
138303,2007,0,0,0,1,0,0,2,0,1,0
138303,2008,0,0,0,1,0,0,2,0,1,1
138303,2009,0,0,0,1,0,0,2,0,1,0
138303,2010,0,0,0,1,0,0,2,0,1,0
138305,2006,0,0,0,1,0,0,0,0,0,0
138305,2007,0,0,0,1,0,0,0,0,0,0
138305,2008,0,0,0,1,0,0,0,0,0,0
138305,2009,0,0,0,1,0,0,0,0,0,0
138305,2010,0,0,0,1,0,0,0,0,0,0
138307,2006,0,0,0,1,0,0,0,0,0,0
138307,2007,0,0,0,1,0,0,0,0,0,0
138307,2008,0,0,0,1,0,0,0,0,0,0
138307,2009,0,0,0,1,0,0,0,0,0,0
138307,2010,0,0,0,1,0,0,0,0,0,0
138308,2006,0,0,0,1,0,0,1,1,0,0
138308,2007,0,0,0,1,0,0,1,1,0,0
138308,2008,0,0,0,1,0,0,1,1,0,0
138309,2006,0,0,0,1,0,0,0,0,0,0
138309,2007,0,0,0,1,0,0,0,0,0,1
138313,2006,0,0,0,1,0,0,0,0,0,0
138313,2007,0,0,0,1,0,0,0,0,0,0
138313,2008,0,0,0,1,0,0,0,0,0,0
138313,2009,0,0,0,1,0,0,0,0,0,0
138313,2010,0,0,0,1,0,0,0,0,0,0
138316,2006,0,0,0,1,0,0,0,0,0,0
138316,2007,0,0,0,1,0,0,0,0,0,0
138316,2008,0,0,0,1,0,0,0,0,0,0
138316,2009,0,0,0,1,0,0,0,0,0,0
138316,2010,0,0,0,1,0,0,0,0,0,0
138317,2007,0,0,0,1,0,0,1,1,0,0
138317,2008,0,0,0,1,0,0,1,1,0,0
138317,2009,0,0,0,1,0,0,1,1,0,0
138317,2010,0,0,0,1,0,0,1,1,0,0
138318,2006,0,0,0,1,0,0,2,0,1,0
138318,2007,0,0,0,1,0,0,2,0,1,1
138318,2008,0,0,0,1,0,0,2,0,1,1
138318,2009,0,0,0,1,0,0,2,0,1,0
138320,2006,0,0,0,1,0,0,0,0,0,1
138320,2007,0,0,0,1,0,0,0,0,0,0
138320,2008,0,0,0,1,0,0,0,0,0,0
138320,2009,0,0,0,1,0,0,0,0,0,0
138320,2010,0,0,0,1,0,0,0,0,0,0
138322,2006,0,0,0,1,0,0,2,0,1,0
138323,2006,0,0,0,1,0,0,2,0,1,0
138323,2007,0,0,0,1,0,0,2,0,1,3
138323,2008,0,0,0,1,0,0,2,0,1,0
138323,2009,0,0,0,1,0,0,2,0,1,0
138323,2010,0,0,0,1,0,0,2,0,1,0
138324,2006,0,0,0,1,0,0,0,0,0,0
138324,2007,0,0,0,1,0,0,0,0,0,1
138324,2008,0,0,0,1,0,0,0,0,0,0
138324,2009,0,0,0,1,0,0,0,0,0,0
138324,2010,0,0,0,1,0,0,0,0,0,0
138325,2006,0,0,0,1,0,0,1,1,0,1
138325,2007,0,0,0,1,0,0,1,1,0,0
138325,2008,0,0,0,1,0,0,1,1,0,0
138325,2009,0,0,0,1,0,0,1,1,0,0
138334,2006,0,0,0,1,0,0,2,0,1,0
138334,2007,0,0,0,1,0,0,2,0,1,1
138334,2008,0,0,0,1,0,0,2,0,1,0
138334,2009,0,0,0,1,0,0,2,0,1,0
138334,2010,0,0,0,1,0,0,2,0,1,0
138335,2006,0,0,0,1,0,0,1,1,0,0
138335,2007,0,0,0,1,0,0,1,1,0,0
138335,2008,0,0,0,1,0,0,1,1,0,0
138335,2009,0,0,0,1,0,0,1,1,0,1
138335,2010,0,0,0,1,0,0,1,1,0,0
138337,2006,0,0,0,1,0,0,0,0,0,0
138337,2007,0,0,0,1,0,0,0,0,0,0
138337,2008,0,0,0,1,0,0,0,0,0,0
138337,2009,0,0,0,1,0,0,0,0,0,0
138337,2010,0,0,0,1,0,0,0,0,0,0
138338,2006,0,0,0,1,0,0,2,0,1,0
138338,2007,0,0,0,1,0,0,2,0,1,1
138338,2008,0,0,0,1,0,0,2,0,1,0
138338,2009,0,0,0,1,0,0,2,0,1,1
138338,2010,0,0,0,1,0,0,2,0,1,1
138342,2006,0,0,0,1,0,0,1,1,0,1
138342,2007,0,0,0,1,0,0,1,1,0,1
138342,2008,0,0,0,1,0,0,1,1,0,0
138342,2009,0,0,0,1,0,0,1,1,0,1
138342,2010,0,0,0,1,0,0,1,1,0,1
138344,2006,0,0,0,1,0,0,0,0,0,0
138344,2007,0,0,0,1,0,0,0,0,0,0
138344,2008,0,0,0,1,0,0,0,0,0,0
138344,2009,0,0,0,1,0,0,0,0,0,0
138344,2010,0,0,0,1,0,0,0,0,0,0
138345,2006,0,0,0,1,0,0,0,0,0,0
138345,2007,0,0,0,1,0,0,0,0,0,0
138345,2008,0,0,0,1,0,0,0,0,0,0
138345,2009,0,0,0,1,0,0,0,0,0,0
138345,2010,0,0,0,1,0,0,0,0,0,0
138346,2006,0,0,0,1,0,0,1,1,0,0
138346,2007,0,0,0,1,0,0,1,1,0,0
138346,2008,0,0,0,1,0,0,1,1,0,1
138346,2009,0,0,0,1,0,0,1,1,0,1
138346,2010,0,0,0,1,0,0,1,1,0,1
138347,2006,0,0,0,1,0,0,1,1,0,0
138347,2007,0,0,0,1,0,0,1,1,0,0
138347,2008,0,0,0,1,0,0,1,1,0,1
138347,2009,0,0,0,1,0,0,1,1,0,0
138347,2010,0,0,0,1,0,0,1,1,0,0
138348,2006,0,0,0,1,0,0,0,0,0,0
138348,2007,0,0,0,1,0,0,0,0,0,0
138348,2008,0,0,0,1,0,0,0,0,0,0
138348,2009,0,0,0,1,0,0,0,0,0,0
138348,2010,0,0,0,1,0,0,0,0,0,0
138353,2006,0,0,0,1,0,0,0,0,0,0
138353,2007,0,0,0,1,0,0,0,0,0,0
138353,2008,0,0,0,1,0,0,0,0,0,0
138353,2009,0,0,0,1,0,0,0,0,0,0
138353,2010,0,0,0,1,0,0,0,0,0,1
138354,2006,0,0,0,1,0,0,1,1,0,0
138354,2007,0,0,0,1,0,0,1,1,0,0
138354,2008,0,0,0,1,0,0,1,1,0,0
138354,2009,0,0,0,1,0,0,1,1,0,0
138354,2010,0,0,0,1,0,0,1,1,0,0
138355,2006,0,0,0,1,0,0,1,1,0,0
138357,2010,0,0,0,1,0,0,1,1,0,2
138358,2009,0,0,0,1,0,0,0,0,0,0
138358,2010,0,0,0,1,0,0,0,0,0,1
138359,2009,0,0,0,1,0,0,0,0,0,0
138359,2010,0,0,0,1,0,0,0,0,0,0
138361,2009,0,0,0,1,0,0,1,1,0,0
138361,2010,0,0,0,1,0,0,1,1,0,0
140040,2006,0,1,0,0,0,0,2,0,1,1
140040,2007,0,1,0,0,0,0,2,0,1,0
140040,2008,0,1,0,0,0,0,2,0,1,0
140040,2009,0,1,0,0,0,0,2,0,1,3
140040,2010,0,1,0,0,0,0,2,0,1,0
140052,2006,0,1,0,0,0,0,1,1,0,0
140052,2007,0,1,0,0,0,0,1,1,0,0
140052,2008,0,1,0,0,0,0,1,1,0,0
140052,2009,0,1,0,0,0,0,1,1,0,0
140052,2010,0,1,0,0,0,0,1,1,0,1
140060,2006,0,1,0,0,0,0,2,0,1,0
140060,2007,0,1,0,0,0,0,2,0,1,0
140060,2008,0,1,0,0,0,0,2,0,1,0
140060,2009,0,1,0,0,0,0,2,0,1,0
140060,2010,0,1,0,0,0,0,2,0,1,0
140110,2006,0,1,0,0,0,0,1,1,0,0
140110,2007,0,1,0,0,0,0,1,1,0,1
140110,2008,0,1,0,0,0,0,1,1,0,1
140110,2009,0,1,0,0,0,0,1,1,0,0
140110,2010,0,1,0,0,0,0,1,1,0,0
140145,2006,0,1,0,0,0,0,1,1,0,0
140145,2007,0,1,0,0,0,0,1,1,0,1
140145,2008,0,1,0,0,0,0,1,1,0,2
140145,2009,0,1,0,0,0,0,1,1,0,1
140145,2010,0,1,0,0,0,0,1,1,0,1
140160,2006,0,1,0,0,0,0,2,0,1,0
140160,2007,0,1,0,0,0,0,2,0,1,1
140160,2008,0,1,0,0,0,0,2,0,1,0
140160,2009,0,1,0,0,0,0,2,0,1,0
140160,2010,0,1,0,0,0,0,2,0,1,2
140170,2006,0,1,0,0,0,0,1,1,0,0
140170,2007,0,1,0,0,0,0,1,1,0,0
140170,2008,0,1,0,0,0,0,1,1,0,0
140190,2006,0,1,0,0,0,0,2,0,1,1
140190,2007,0,1,0,0,0,0,2,0,1,1
140190,2008,0,1,0,0,0,0,2,0,1,1
140190,2009,0,1,0,0,0,0,2,0,1,1
140190,2010,0,1,0,0,0,0,2,0,1,1
140200,2006,0,1,0,0,0,0,2,0,1,0
140200,2007,0,1,0,0,0,0,2,0,1,1
140200,2008,0,1,0,0,0,0,2,0,1,0
140200,2009,0,1,0,0,0,0,2,0,1,2
140200,2010,0,1,0,0,0,0,2,0,1,2
140212,2006,0,1,0,0,0,0,2,0,1,2
140330,2007,0,1,0,0,0,0,2,0,1,1
140330,2008,0,1,0,0,0,0,2,0,1,3
140330,2009,0,1,0,0,0,0,2,0,1,1
140331,2006,0,1,0,0,0,0,2,0,1,1
140331,2007,0,1,0,0,0,0,2,0,1,1
140332,2006,0,1,0,0,0,0,2,0,1,0
140332,2007,0,1,0,0,0,0,2,0,1,0
140332,2008,0,1,0,0,0,0,2,0,1,3
140332,2009,0,1,0,0,0,0,2,0,1,1
140332,2010,0,1,0,0,0,0,2,0,1,0
140337,2008,0,1,0,0,0,0,1,1,0,1
140337,2009,0,1,0,0,0,0,1,1,0,0
140337,2010,0,1,0,0,0,0,1,1,0,0
140371,2006,0,1,0,0,0,0,2,0,1,1
140371,2007,0,1,0,0,0,0,2,0,1,1
140371,2008,0,1,0,0,0,0,2,0,1,0
140371,2009,0,1,0,0,0,0,2,0,1,1
140371,2010,0,1,0,0,0,0,2,0,1,1
140420,2006,0,1,0,0,0,0,2,0,1,1
140420,2007,0,1,0,0,0,0,2,0,1,1
140420,2008,0,1,0,0,0,0,2,0,1,0
140430,2006,0,1,0,0,0,0,2,0,1,0
140430,2007,0,1,0,0,0,0,2,0,1,0
140430,2008,0,1,0,0,0,0,2,0,1,0
140430,2009,0,1,0,0,0,0,2,0,1,1
140430,2010,0,1,0,0,0,0,2,0,1,3
140465,2006,0,1,0,0,0,0,0,0,0,0
140465,2007,0,1,0,0,0,0,0,0,0,0
140465,2008,0,1,0,0,0,0,0,0,0,0
140465,2009,0,1,0,0,0,0,0,0,0,0
140465,2010,0,1,0,0,0,0,0,0,0,0
140467,2006,0,1,0,0,0,0,2,0,1,0
140467,2007,0,1,0,0,0,0,2,0,1,2
140467,2008,0,1,0,0,0,0,2,0,1,0
140467,2009,0,1,0,0,0,0,2,0,1,0
140467,2010,0,1,0,0,0,0,2,0,1,1
140468,2006,0,1,0,0,0,0,2,0,1,2
140468,2007,0,1,0,0,0,0,2,0,1,0
140468,2008,0,1,0,0,0,0,2,0,1,0
140468,2009,0,1,0,0,0,0,2,0,1,2
140468,2010,0,1,0,0,0,0,2,0,1,1
140510,2006,0,1,0,0,0,0,2,0,1,0
140510,2007,0,1,0,0,0,0,2,0,1,0
140510,2008,0,1,0,0,0,0,2,0,1,0
140511,2006,0,1,0,0,0,0,2,0,1,0
140511,2007,0,1,0,0,0,0,2,0,1,1
140511,2008,0,1,0,0,0,0,2,0,1,1
140511,2009,0,1,0,0,0,0,2,0,1,0
140520,2006,0,1,0,0,0,0,2,0,1,0
140520,2007,0,1,0,0,0,0,2,0,1,0
140520,2008,0,1,0,0,0,0,2,0,1,0
140520,2009,0,1,0,0,0,0,2,0,1,0
140520,2010,0,1,0,0,0,0,2,0,1,1
140530,2006,0,1,0,0,0,0,2,0,1,2
140530,2007,0,1,0,0,0,0,2,0,1,3
140530,2008,0,1,0,0,0,0,2,0,1,1
140530,2009,0,1,0,0,0,0,2,0,1,1
140530,2010,0,1,0,0,0,0,2,0,1,1
140540,2006,0,1,0,0,0,0,1,1,0,0
140540,2007,0,1,0,0,0,0,1,1,0,1
140540,2008,0,1,0,0,0,0,1,1,0,0
140540,2009,0,1,0,0,0,0,1,1,0,1
140540,2010,0,1,0,0,0,0,1,1,0,0
140561,2006,0,1,0,0,0,0,2,0,1,0
140561,2007,0,1,0,0,0,0,2,0,1,1
140561,2008,0,1,0,0,0,0,2,0,1,1
140561,2009,0,1,0,0,0,0,2,0,1,0
140561,2010,0,1,0,0,0,0,2,0,1,0
140600,2008,0,1,0,0,0,0,1,1,0,0
140600,2009,0,1,0,0,0,0,1,1,0,0
140600,2010,0,1,0,0,0,0,1,1,0,0
140620,2006,0,1,0,0,0,0,1,1,0,0
140620,2007,0,1,0,0,0,0,1,1,0,0
140620,2008,0,1,0,0,0,0,1,1,0,0
140620,2009,0,1,0,0,0,0,1,1,0,0
140620,2010,0,1,0,0,0,0,1,1,0,0
140650,2006,0,1,0,0,0,0,2,0,1,1
140650,2007,0,1,0,0,0,0,2,0,1,0
140650,2008,0,1,0,0,0,0,2,0,1,0
140650,2009,0,1,0,0,0,0,2,0,1,0
140650,2010,0,1,0,0,0,0,2,0,1,0
140715,2006,0,1,0,0,0,0,2,0,1,1
140715,2007,0,1,0,0,0,0,2,0,1,2
140715,2008,0,1,0,0,0,0,2,0,1,0
140715,2009,0,1,0,0,0,0,2,0,1,1
140715,2010,0,1,0,0,0,0,2,0,1,1
140720,2006,0,1,0,0,0,0,2,0,1,0
140720,2007,0,1,0,0,0,0,2,0,1,0
140720,2008,0,1,0,0,0,0,2,0,1,0
140720,2009,0,1,0,0,0,0,2,0,1,0
140720,2010,0,1,0,0,0,0,2,0,1,0
140770,2006,0,1,0,0,0,0,2,0,1,4
140770,2007,0,1,0,0,0,0,2,0,1,8
140770,2008,0,1,0,0,0,0,2,0,1,6
140770,2009,0,1,0,0,0,0,2,0,1,0
140794,2006,0,1,0,0,0,0,2,0,1,0
140794,2007,0,1,0,0,0,0,2,0,1,1
140794,2008,0,1,0,0,0,0,2,0,1,1
140794,2009,0,1,0,0,0,0,2,0,1,1
140794,2010,0,1,0,0,0,0,2,0,1,0
140797,2006,0,1,0,0,0,0,1,1,0,0
140797,2007,0,1,0,0,0,0,1,1,0,0
140797,2008,0,1,0,0,0,0,1,1,0,0
140797,2009,0,1,0,0,0,0,1,1,0,0
140797,2010,0,1,0,0,0,0,1,1,0,0
140808,2006,0,1,0,0,0,0,2,0,1,2
140808,2007,0,1,0,0,0,0,2,0,1,4
140808,2008,0,1,0,0,0,0,2,0,1,3
140808,2009,0,1,0,0,0,0,2,0,1,4
140808,2010,0,1,0,0,0,0,2,0,1,6
140813,2006,0,1,0,0,0,0,2,0,1,2
140813,2007,0,1,0,0,0,0,2,0,1,0
140813,2008,0,1,0,0,0,0,2,0,1,3
140813,2009,0,1,0,0,0,0,2,0,1,1
140813,2010,0,1,0,0,0,0,2,0,1,1
140815,2006,0,1,0,0,0,0,2,0,1,1
140815,2007,0,1,0,0,0,0,2,0,1,0
140815,2008,0,1,0,0,0,0,2,0,1,0
140815,2009,0,1,0,0,0,0,2,0,1,0
140815,2010,0,1,0,0,0,0,2,0,1,0
140830,2006,0,1,0,0,0,0,1,1,0,0
140839,2006,0,1,0,0,0,0,2,0,1,12
140839,2007,0,1,0,0,0,0,2,0,1,8
140839,2008,0,1,0,0,0,0,2,0,1,16
140839,2009,0,1,0,0,0,0,2,0,1,7
140839,2010,0,1,0,0,0,0,2,0,1,7
140847,2006,0,1,0,0,0,0,2,0,1,2
140847,2007,0,1,0,0,0,0,2,0,1,1
140851,2006,0,1,0,0,0,0,2,0,1,0
140851,2007,0,1,0,0,0,0,2,0,1,1
140851,2008,0,1,0,0,0,0,2,0,1,0
140851,2009,0,1,0,0,0,0,2,0,1,0
140851,2010,0,1,0,0,0,0,2,0,1,0
140852,2006,0,1,0,0,0,0,2,0,1,0
140852,2007,0,1,0,0,0,0,2,0,1,0
140852,2008,0,1,0,0,0,0,2,0,1,0
140853,2006,0,1,0,0,0,0,1,1,0,0
140853,2007,0,1,0,0,0,0,1,1,0,0
140856,2006,0,1,0,0,0,0,2,0,1,1
140856,2007,0,1,0,0,0,0,2,0,1,0
140856,2008,0,1,0,0,0,0,2,0,1,0
140856,2009,0,1,0,0,0,0,2,0,1,0
140856,2010,0,1,0,0,0,0,2,0,1,0
140859,2006,0,1,0,0,0,0,1,1,0,0
140861,2010,0,1,0,0,0,0,2,0,1,0
140871,2006,0,1,0,0,0,0,2,0,1,2
140871,2007,0,1,0,0,0,0,2,0,1,0
140871,2008,0,1,0,0,0,0,2,0,1,0
140871,2009,0,1,0,0,0,0,2,0,1,3
140871,2010,0,1,0,0,0,0,2,0,1,2
140873,2006,0,1,0,0,0,0,1,1,0,0
150135,2006,0,0,0,0,1,0,2,0,1,0
150135,2007,0,0,0,0,1,0,2,0,1,0
150135,2008,0,0,0,0,1,0,2,0,1,0
150135,2009,0,0,0,0,1,0,2,0,1,0
150135,2010,0,0,0,0,1,0,2,0,1,0
150201,2006,0,0,0,0,1,0,2,0,1,0
150201,2007,0,0,0,0,1,0,2,0,1,0
150264,2006,0,0,0,0,1,0,0,0,0,0
150264,2007,0,0,0,0,1,0,0,0,0,0
150264,2008,0,0,0,0,1,0,0,0,0,0
150264,2009,0,0,0,0,1,0,0,0,0,0
150264,2010,0,0,0,0,1,0,0,0,0,0
150295,2006,0,0,0,0,1,0,2,0,1,0
150295,2007,0,0,0,0,1,0,2,0,1,0
150295,2008,0,0,0,0,1,0,2,0,1,0
150295,2009,0,0,0,0,1,0,2,0,1,1
150295,2010,0,0,0,0,1,0,2,0,1,0
150300,2006,0,0,0,0,1,0,0,0,0,0
150300,2007,0,0,0,0,1,0,0,0,0,0
150300,2008,0,0,0,0,1,0,0,0,0,0
150300,2009,0,0,0,0,1,0,0,0,0,0
150300,2010,0,0,0,0,1,0,0,0,0,0
150304,2006,0,0,0,0,1,0,2,0,1,0
150304,2007,0,0,0,0,1,0,2,0,1,0
150304,2008,0,0,0,0,1,0,2,0,1,0
150304,2009,0,0,0,0,1,0,2,0,1,0
150304,2010,0,0,0,0,1,0,2,0,1,0
150353,2006,0,0,0,0,1,0,1,1,0,0
150353,2007,0,0,0,0,1,0,1,1,0,0
150353,2008,0,0,0,0,1,0,1,1,0,0
150372,2006,0,0,0,0,1,0,1,1,0,0
150372,2007,0,0,0,0,1,0,1,1,0,0
150372,2008,0,0,0,0,1,0,1,1,0,0
150372,2009,0,0,0,0,1,0,1,1,0,0
150372,2010,0,0,0,0,1,0,1,1,0,0
150442,2006,0,0,0,0,1,0,2,0,1,0
150442,2007,0,0,0,0,1,0,2,0,1,1
150442,2008,0,0,0,0,1,0,2,0,1,1
150442,2009,0,0,0,0,1,0,2,0,1,0
150442,2010,0,0,0,0,1,0,2,0,1,0
150520,2006,0,0,0,0,1,0,2,0,1,1
150520,2007,0,0,0,0,1,0,2,0,1,1
150520,2008,0,0,0,0,1,0,2,0,1,1
150520,2009,0,0,0,0,1,0,2,0,1,0
150520,2010,0,0,0,0,1,0,2,0,1,0
150524,2006,0,0,0,0,1,0,2,0,1,0
150524,2007,0,0,0,0,1,0,2,0,1,0
150524,2008,0,0,0,0,1,0,2,0,1,0
150524,2009,0,0,0,0,1,0,2,0,1,1
150524,2010,0,0,0,0,1,0,2,0,1,0
150664,2006,0,0,0,0,1,0,1,1,0,0
150664,2007,0,0,0,0,1,0,1,1,0,0
150664,2008,0,0,0,0,1,0,1,1,0,0
150664,2009,0,0,0,0,1,0,1,1,0,0
150664,2010,0,0,0,0,1,0,1,1,0,0
150689,2006,0,0,0,0,1,0,1,1,0,0
150689,2007,0,0,0,0,1,0,1,1,0,0
150689,2008,0,0,0,0,1,0,1,1,0,0
150689,2009,0,0,0,0,1,0,1,1,0,0
150689,2010,0,0,0,0,1,0,1,1,0,0
150705,2006,0,0,0,0,1,0,1,1,0,0
150705,2007,0,0,0,0,1,0,1,1,0,0
150705,2008,0,0,0,0,1,0,1,1,0,0
150705,2009,0,0,0,0,1,0,1,1,0,0
150705,2010,0,0,0,0,1,0,1,1,0,0
150738,2009,0,0,0,0,1,0,0,0,0,0
150738,2010,0,0,0,0,1,0,0,0,0,0
150748,2006,0,0,0,0,1,0,0,0,0,1
150748,2007,0,0,0,0,1,0,0,0,0,0
150748,2008,0,0,0,0,1,0,0,0,0,0
150748,2009,0,0,0,0,1,0,0,0,0,0
150748,2010,0,0,0,0,1,0,0,0,0,0
150793,2006,0,0,0,0,1,0,2,0,1,0
150802,2006,0,0,0,0,1,0,1,1,0,0
150802,2007,0,0,0,0,1,0,1,1,0,0
150802,2008,0,0,0,0,1,0,1,1,0,1
150802,2009,0,0,0,0,1,0,1,1,0,1
150802,2010,0,0,0,0,1,0,1,1,0,0
150821,2009,0,0,0,0,1,0,0,0,0,0
150821,2010,0,0,0,0,1,0,0,0,0,0
150829,2006,0,0,0,0,1,0,1,1,0,0
150829,2007,0,0,0,0,1,0,1,1,0,0
150829,2008,0,0,0,0,1,0,1,1,0,0
150829,2009,0,0,0,0,1,0,1,1,0,0
150829,2010,0,0,0,0,1,0,1,1,0,0
150836,2006,0,0,0,0,1,0,1,1,0,0
150890,2006,0,0,0,0,1,0,1,1,0,0
150890,2007,0,0,0,0,1,0,1,1,0,0
150890,2008,0,0,0,0,1,0,1,1,0,0
150890,2009,0,0,0,0,1,0,1,1,0,0
150890,2010,0,0,0,0,1,0,1,1,0,0
150912,2008,0,0,0,0,1,0,1,1,0,0
150943,2006,0,0,0,0,1,0,2,0,1,0
150955,2006,0,0,0,0,1,0,2,0,1,0
150955,2007,0,0,0,0,1,0,2,0,1,0
150955,2008,0,0,0,0,1,0,2,0,1,0
150955,2009,0,0,0,0,1,0,2,0,1,0
150955,2010,0,0,0,0,1,0,2,0,1,1
150976,2006,0,0,0,0,1,0,2,0,1,0
150984,2006,0,0,0,0,1,0,1,1,0,0
150984,2007,0,0,0,0,1,0,1,1,0,0
150984,2008,0,0,0,0,1,0,1,1,0,0
150984,2009,0,0,0,0,1,0,1,1,0,0
151005,2006,0,0,0,0,1,0,0,0,0,0
151005,2007,0,0,0,0,1,0,0,0,0,0
151005,2008,0,0,0,0,1,0,0,0,0,0
151005,2009,0,0,0,0,1,0,0,0,0,0
151005,2010,0,0,0,0,1,0,0,0,0,0
151011,2006,0,0,0,0,1,0,0,0,0,0
151011,2007,0,0,0,0,1,0,0,0,0,0
151011,2008,0,0,0,0,1,0,0,0,0,0
151011,2009,0,0,0,0,1,0,0,0,0,0
151011,2010,0,0,0,0,1,0,0,0,0,0
151037,2006,0,0,0,0,1,0,1,1,0,0
151037,2007,0,0,0,0,1,0,1,1,0,0
151037,2008,0,0,0,0,1,0,1,1,0,0
151037,2009,0,0,0,0,1,0,1,1,0,0
151037,2010,0,0,0,0,1,0,1,1,0,0
151044,2006,0,0,0,0,1,0,1,1,0,0
151044,2007,0,0,0,0,1,0,1,1,0,0
151044,2008,0,0,0,0,1,0,1,1,0,0
151044,2009,0,0,0,0,1,0,1,1,0,0
151044,2010,0,0,0,0,1,0,1,1,0,0
151045,2006,0,0,0,0,1,0,0,0,0,0
151045,2007,0,0,0,0,1,0,0,0,0,0
151045,2008,0,0,0,0,1,0,0,0,0,0
151045,2009,0,0,0,0,1,0,0,0,0,0
151045,2010,0,0,0,0,1,0,0,0,0,0
151047,2006,0,0,0,0,1,0,0,0,0,0
151047,2007,0,0,0,0,1,0,0,0,0,0
151047,2008,0,0,0,0,1,0,0,0,0,0
151047,2009,0,0,0,0,1,0,0,0,0,0
151047,2010,0,0,0,0,1,0,0,0,0,0
151055,2006,0,0,0,0,1,0,0,0,0,0
151055,2007,0,0,0,0,1,0,0,0,0,0
151055,2008,0,0,0,0,1,0,0,0,0,0
151055,2009,0,0,0,0,1,0,0,0,0,0
151055,2010,0,0,0,0,1,0,0,0,0,0
151059,2006,0,0,0,0,1,0,0,0,0,0
151065,2006,0,0,0,0,1,0,1,1,0,0
151065,2007,0,0,0,0,1,0,1,1,0,0
151065,2008,0,0,0,0,1,0,1,1,0,0
151065,2009,0,0,0,0,1,0,1,1,0,0
151065,2010,0,0,0,0,1,0,1,1,0,1
151073,2006,0,0,0,0,1,0,2,0,1,0
151073,2008,0,0,0,0,1,0,2,0,1,0
151073,2009,0,0,0,0,1,0,2,0,1,0
151073,2010,0,0,0,0,1,0,2,0,1,0
151094,2006,0,0,0,0,1,0,1,1,0,0
151094,2007,0,0,0,0,1,0,1,1,0,0
151094,2008,0,0,0,0,1,0,1,1,0,0
151094,2009,0,0,0,0,1,0,1,1,0,0
151094,2010,0,0,0,0,1,0,1,1,0,0
151095,2006,0,0,0,0,1,0,0,0,0,0
151095,2007,0,0,0,0,1,0,0,0,0,0
151095,2008,0,0,0,0,1,0,0,0,0,0
151095,2009,0,0,0,0,1,0,0,0,0,0
151095,2010,0,0,0,0,1,0,0,0,0,0
151100,2006,0,0,0,0,1,0,0,0,0,0
151100,2007,0,0,0,0,1,0,0,0,0,1
151100,2008,0,0,0,0,1,0,0,0,0,0
151100,2009,0,0,0,0,1,0,0,0,0,0
151100,2010,0,0,0,0,1,0,0,0,0,0
151101,2006,0,0,0,0,1,0,1,1,0,0
151101,2007,0,0,0,0,1,0,1,1,0,0
151101,2008,0,0,0,0,1,0,1,1,0,0
151101,2009,0,0,0,0,1,0,1,1,0,0
151101,2010,0,0,0,0,1,0,1,1,0,0
151102,2006,0,0,0,0,1,0,0,0,0,0
151102,2007,0,0,0,0,1,0,0,0,0,0
151104,2006,0,0,0,0,1,0,0,0,0,0
151104,2007,0,0,0,0,1,0,0,0,0,0
151104,2008,0,0,0,0,1,0,0,0,0,0
151104,2009,0,0,0,0,1,0,0,0,0,0
151104,2010,0,0,0,0,1,0,0,0,0,0
151106,2010,0,0,0,0,1,0,1,1,0,0
151109,2006,0,0,0,0,1,0,0,0,0,0
151110,2006,0,0,0,0,1,0,0,0,0,0
151110,2007,0,0,0,0,1,0,0,0,0,0
151110,2008,0,0,0,0,1,0,0,0,0,0
151110,2009,0,0,0,0,1,0,0,0,0,0
151110,2010,0,0,0,0,1,0,0,0,0,0
151119,2006,0,0,0,0,1,0,2,0,1,0
151119,2007,0,0,0,0,1,0,2,0,1,0
151122,2009,0,0,0,0,1,0,0,0,0,0
151122,2010,0,0,0,0,1,0,0,0,0,0
151124,2006,0,0,0,0,1,0,1,1,0,0
151124,2007,0,0,0,0,1,0,1,1,0,0
151124,2008,0,0,0,0,1,0,1,1,0,0
151124,2009,0,0,0,0,1,0,1,1,0,0
151129,2007,0,0,0,0,1,0,0,0,0,0
151129,2008,0,0,0,0,1,0,0,0,0,0
151129,2009,0,0,0,0,1,0,0,0,0,0
151129,2010,0,0,0,0,1,0,0,0,0,0
151130,2006,0,0,0,0,1,0,1,1,0,0
151130,2007,0,0,0,0,1,0,1,1,0,0
151130,2008,0,0,0,0,1,0,1,1,0,0
151130,2009,0,0,0,0,1,0,1,1,0,1
151130,2010,0,0,0,0,1,0,1,1,0,2
151132,2006,0,0,0,0,1,0,1,1,0,0
151132,2007,0,0,0,0,1,0,1,1,0,0
151132,2008,0,0,0,0,1,0,1,1,0,0
151132,2009,0,0,0,0,1,0,1,1,0,0
151132,2010,0,0,0,0,1,0,1,1,0,0
151138,2006,0,0,0,0,1,0,2,0,1,0
151138,2007,0,0,0,0,1,0,2,0,1,0
151138,2008,0,0,0,0,1,0,2,0,1,0
151138,2009,0,0,0,0,1,0,2,0,1,0
151138,2010,0,0,0,0,1,0,2,0,1,0
151141,2006,0,0,0,0,1,0,1,1,0,0
151141,2007,0,0,0,0,1,0,1,1,0,0
151141,2008,0,0,0,0,1,0,1,1,0,0
151141,2009,0,0,0,0,1,0,1,1,0,0
151141,2010,0,0,0,0,1,0,1,1,0,0
151150,2006,0,0,0,0,1,0,0,0,0,0
151150,2007,0,0,0,0,1,0,0,0,0,0
151150,2008,0,0,0,0,1,0,0,0,0,0
151150,2009,0,0,0,0,1,0,0,0,0,0
151150,2010,0,0,0,0,1,0,0,0,0,0
151152,2006,0,0,0,0,1,0,0,0,0,0
151152,2007,0,0,0,0,1,0,0,0,0,0
151152,2008,0,0,0,0,1,0,0,0,0,0
151152,2009,0,0,0,0,1,0,0,0,0,0
151152,2010,0,0,0,0,1,0,0,0,0,0
151155,2006,0,0,0,0,1,0,0,0,0,0
151155,2007,0,0,0,0,1,0,0,0,0,0
151155,2008,0,0,0,0,1,0,0,0,0,0
151156,2006,0,0,0,0,1,0,0,0,0,0
151156,2007,0,0,0,0,1,0,0,0,0,0
151156,2008,0,0,0,0,1,0,0,0,0,0
151156,2009,0,0,0,0,1,0,0,0,0,0
151156,2010,0,0,0,0,1,0,0,0,0,0
151157,2009,0,0,0,0,1,0,0,0,0,0
151157,2010,0,0,0,0,1,0,0,0,0,0
151159,2006,0,0,0,0,1,0,1,1,0,0
151159,2007,0,0,0,0,1,0,1,1,0,0
151159,2008,0,0,0,0,1,0,1,1,0,0
151159,2009,0,0,0,0,1,0,1,1,0,0
151160,2006,0,0,0,0,1,0,0,0,0,0
151160,2007,0,0,0,0,1,0,0,0,0,0
151160,2008,0,0,0,0,1,0,0,0,0,0
151160,2009,0,0,0,0,1,0,0,0,0,0
151160,2010,0,0,0,0,1,0,0,0,0,0
151161,2006,0,0,0,0,1,0,1,1,0,0
151161,2007,0,0,0,0,1,0,1,1,0,0
151161,2008,0,0,0,0,1,0,1,1,0,0
151161,2009,0,0,0,0,1,0,1,1,0,0
151161,2010,0,0,0,0,1,0,1,1,0,0
151166,2006,0,0,0,0,1,0,0,0,0,0
151166,2007,0,0,0,0,1,0,0,0,0,0
151166,2008,0,0,0,0,1,0,0,0,0,0
151166,2009,0,0,0,0,1,0,0,0,0,0
151166,2010,0,0,0,0,1,0,0,0,0,0
151168,2006,0,0,0,0,1,0,1,1,0,0
151168,2007,0,0,0,0,1,0,1,1,0,0
151168,2008,0,0,0,0,1,0,1,1,0,0
151168,2009,0,0,0,0,1,0,1,1,0,0
151168,2010,0,0,0,0,1,0,1,1,0,0
151169,2009,0,0,0,0,1,0,2,0,1,0
151169,2010,0,0,0,0,1,0,2,0,1,0
151170,2006,0,0,0,0,1,0,0,0,0,0
151170,2007,0,0,0,0,1,0,0,0,0,0
151170,2008,0,0,0,0,1,0,0,0,0,0
151170,2009,0,0,0,0,1,0,0,0,0,0
151170,2010,0,0,0,0,1,0,0,0,0,0
151172,2006,0,0,0,0,1,0,1,1,0,0
151172,2007,0,0,0,0,1,0,1,1,0,0
151172,2008,0,0,0,0,1,0,1,1,0,0
151172,2009,0,0,0,0,1,0,1,1,0,0
151172,2010,0,0,0,0,1,0,1,1,0,0
151173,2006,0,0,0,0,1,0,0,0,0,0
151173,2007,0,0,0,0,1,0,0,0,0,0
151173,2008,0,0,0,0,1,0,0,0,0,0
151173,2009,0,0,0,0,1,0,0,0,0,0
151174,2006,0,0,0,0,1,0,1,1,0,0
151177,2006,0,0,0,0,1,0,1,1,0,0
151177,2007,0,0,0,0,1,0,1,1,0,0
151177,2009,0,0,0,0,1,0,1,1,0,0
151177,2010,0,0,0,0,1,0,1,1,0,0
151178,2006,0,0,0,0,1,0,1,1,0,0
151178,2007,0,0,0,0,1,0,1,1,0,0
151178,2008,0,0,0,0,1,0,1,1,0,0
151178,2009,0,0,0,0,1,0,1,1,0,0
151178,2010,0,0,0,0,1,0,1,1,0,0
151179,2006,0,0,0,0,1,0,0,0,0,0
151179,2007,0,0,0,0,1,0,0,0,0,0
151179,2008,0,0,0,0,1,0,0,0,0,0
151179,2009,0,0,0,0,1,0,0,0,0,0
151179,2010,0,0,0,0,1,0,0,0,0,0
151180,2006,0,0,0,0,1,0,0,0,0,0
151180,2007,0,0,0,0,1,0,0,0,0,0
151180,2008,0,0,0,0,1,0,0,0,0,0
151180,2009,0,0,0,0,1,0,0,0,0,0
151180,2010,0,0,0,0,1,0,0,0,0,0
151181,2006,0,0,0,0,1,0,0,0,0,0
151181,2007,0,0,0,0,1,0,0,0,0,0
151181,2008,0,0,0,0,1,0,0,0,0,0
151183,2006,0,0,0,0,1,0,0,0,0,0
151183,2007,0,0,0,0,1,0,0,0,0,0
151183,2008,0,0,0,0,1,0,0,0,0,0
151183,2009,0,0,0,0,1,0,0,0,0,0
151183,2010,0,0,0,0,1,0,0,0,0,0
151185,2006,0,0,0,0,1,0,1,1,0,0
151185,2007,0,0,0,0,1,0,1,1,0,0
151185,2008,0,0,0,0,1,0,1,1,0,0
151185,2009,0,0,0,0,1,0,1,1,0,1
151185,2010,0,0,0,0,1,0,1,1,0,0
151186,2006,0,0,0,0,1,0,0,0,0,0
151187,2006,0,0,0,0,1,0,2,0,1,0
151187,2007,0,0,0,0,1,0,2,0,1,0
151187,2008,0,0,0,0,1,0,2,0,1,0
151187,2009,0,0,0,0,1,0,2,0,1,0
151187,2010,0,0,0,0,1,0,2,0,1,0
151188,2006,0,0,0,0,1,0,0,0,0,0
151188,2007,0,0,0,0,1,0,0,0,0,0
151188,2008,0,0,0,0,1,0,0,0,0,0
151188,2009,0,0,0,0,1,0,0,0,0,0
151188,2010,0,0,0,0,1,0,0,0,0,0
151190,2006,0,0,0,0,1,0,2,0,1,0
151190,2007,0,0,0,0,1,0,2,0,1,0
151190,2008,0,0,0,0,1,0,2,0,1,0
151191,2006,0,0,0,0,1,0,1,1,0,0
151191,2007,0,0,0,0,1,0,1,1,0,0
151191,2008,0,0,0,0,1,0,1,1,0,0
151191,2009,0,0,0,0,1,0,1,1,0,0
151191,2010,0,0,0,0,1,0,1,1,0,0
151193,2007,0,0,0,0,1,0,1,1,0,0
151193,2008,0,0,0,0,1,0,1,1,0,0
151193,2009,0,0,0,0,1,0,1,1,0,0
151193,2010,0,0,0,0,1,0,1,1,0,0
151195,2008,0,0,0,0,1,0,0,0,0,0
151195,2009,0,0,0,0,1,0,0,0,0,0
151195,2010,0,0,0,0,1,0,0,0,0,0
151197,2009,0,0,0,0,1,0,1,1,0,0
151197,2010,0,0,0,0,1,0,1,1,0,0
160020,2006,0,0,0,0,0,1,0,0,0,0
160020,2007,0,0,0,0,0,1,0,0,0,0
160020,2008,0,0,0,0,0,1,0,0,0,0
160020,2009,0,0,0,0,0,1,0,0,0,0
160020,2010,0,0,0,0,0,1,0,0,0,1
160025,2006,0,0,0,0,0,1,0,0,0,0
160025,2007,0,0,0,0,0,1,0,0,0,0
160025,2008,0,0,0,0,0,1,0,0,0,0
160025,2009,0,0,0,0,0,1,0,0,0,0
160025,2010,0,0,0,0,0,1,0,0,0,0
160027,2006,0,0,0,0,0,1,1,1,0,0
160027,2007,0,0,0,0,0,1,1,1,0,0
160027,2008,0,0,0,0,0,1,1,1,0,0
160027,2009,0,0,0,0,0,1,1,1,0,0
160027,2010,0,0,0,0,0,1,1,1,0,0
160037,2006,0,0,0,0,0,1,1,1,0,0
160090,2007,0,0,0,0,0,1,1,1,0,1
160090,2008,0,0,0,0,0,1,1,1,0,0
160090,2009,0,0,0,0,0,1,1,1,0,0
160090,2010,0,0,0,0,0,1,1,1,0,0
160115,2006,0,0,0,0,0,1,2,0,1,0
160115,2007,0,0,0,0,0,1,2,0,1,1
160115,2008,0,0,0,0,0,1,2,0,1,1
160115,2009,0,0,0,0,0,1,2,0,1,0
160115,2010,0,0,0,0,0,1,2,0,1,0
160130,2006,0,0,0,0,0,1,2,0,1,1
160130,2007,0,0,0,0,0,1,2,0,1,1
160130,2008,0,0,0,0,0,1,2,0,1,0
160130,2009,0,0,0,0,0,1,2,0,1,0
160130,2010,0,0,0,0,0,1,2,0,1,0
160140,2006,0,0,0,0,0,1,0,0,0,0
160140,2007,0,0,0,0,0,1,0,0,0,0
160140,2008,0,0,0,0,0,1,0,0,0,0
160140,2009,0,0,0,0,0,1,0,0,0,0
160141,2006,0,0,0,0,0,1,0,0,0,0
160148,2006,0,0,0,0,0,1,1,1,0,0
160148,2007,0,0,0,0,0,1,1,1,0,0
160148,2008,0,0,0,0,0,1,1,1,0,0
160168,2006,0,0,0,0,0,1,2,0,1,0
160168,2007,0,0,0,0,0,1,2,0,1,0
160168,2008,0,0,0,0,0,1,2,0,1,0
160168,2009,0,0,0,0,0,1,2,0,1,0
160168,2010,0,0,0,0,0,1,2,0,1,0
160180,2006,0,0,0,0,0,1,0,0,0,0
160205,2006,0,0,0,0,0,1,0,0,0,0
160205,2007,0,0,0,0,0,1,0,0,0,0
160205,2008,0,0,0,0,0,1,0,0,0,0
160205,2009,0,0,0,0,0,1,0,0,0,0
160205,2010,0,0,0,0,0,1,0,0,0,0
160206,2006,0,0,0,0,0,1,1,1,0,1
160206,2007,0,0,0,0,0,1,1,1,0,0
160206,2008,0,0,0,0,0,1,1,1,0,1
160206,2009,0,0,0,0,0,1,1,1,0,0
160206,2010,0,0,0,0,0,1,1,1,0,0
160210,2006,0,0,0,0,0,1,0,0,0,0
160210,2007,0,0,0,0,0,1,0,0,0,0
160210,2008,0,0,0,0,0,1,0,0,0,0
160210,2009,0,0,0,0,0,1,0,0,0,0
160210,2010,0,0,0,0,0,1,0,0,0,0
160245,2006,0,0,0,0,0,1,1,1,0,0
160245,2007,0,0,0,0,0,1,1,1,0,0
160245,2008,0,0,0,0,0,1,1,1,0,0
160245,2009,0,0,0,0,0,1,1,1,0,0
160245,2010,0,0,0,0,0,1,1,1,0,0
160274,2006,0,0,0,0,0,1,0,0,0,0
160274,2007,0,0,0,0,0,1,0,0,0,0
160274,2008,0,0,0,0,0,1,0,0,0,0
160274,2009,0,0,0,0,0,1,0,0,0,0
160274,2010,0,0,0,0,0,1,0,0,0,0
160315,2006,0,0,0,0,0,1,0,0,0,0
160315,2007,0,0,0,0,0,1,0,0,0,0
160315,2008,0,0,0,0,0,1,0,0,0,0
160348,2006,0,0,0,0,0,1,1,1,0,0
160348,2007,0,0,0,0,0,1,1,1,0,0
160348,2008,0,0,0,0,0,1,1,1,0,0
160348,2009,0,0,0,0,0,1,1,1,0,0
160348,2010,0,0,0,0,0,1,1,1,0,0
160360,2006,0,0,0,0,0,1,1,1,0,0
160360,2007,0,0,0,0,0,1,1,1,0,0
160360,2008,0,0,0,0,0,1,1,1,0,1
160360,2009,0,0,0,0,0,1,1,1,0,0
160360,2010,0,0,0,0,0,1,1,1,0,1
160362,2006,0,0,0,0,0,1,2,0,1,1
160362,2007,0,0,0,0,0,1,2,0,1,0
160362,2008,0,0,0,0,0,1,2,0,1,0
160362,2009,0,0,0,0,0,1,2,0,1,1
160362,2010,0,0,0,0,0,1,2,0,1,0
160369,2006,0,0,0,0,0,1,1,1,0,2
160369,2007,0,0,0,0,0,1,1,1,0,0
160370,2006,0,0,0,0,0,1,2,0,1,0
160370,2007,0,0,0,0,0,1,2,0,1,2
160370,2008,0,0,0,0,0,1,2,0,1,1
160370,2009,0,0,0,0,0,1,2,0,1,0
160370,2010,0,0,0,0,0,1,2,0,1,0
160390,2006,0,0,0,0,0,1,1,1,0,1
160390,2007,0,0,0,0,0,1,1,1,0,1
160390,2008,0,0,0,0,0,1,1,1,0,2
160390,2009,0,0,0,0,0,1,1,1,0,0
160390,2010,0,0,0,0,0,1,1,1,0,1
160400,2006,0,0,0,0,0,1,1,1,0,0
160400,2007,0,0,0,0,0,1,1,1,0,0
160400,2008,0,0,0,0,0,1,1,1,0,0
160400,2009,0,0,0,0,0,1,1,1,0,0
160400,2010,0,0,0,0,0,1,1,1,0,0
160404,2006,0,0,0,0,0,1,1,1,0,0
160440,2006,0,0,0,0,0,1,2,0,1,1
160440,2007,0,0,0,0,0,1,2,0,1,0
160440,2008,0,0,0,0,0,1,2,0,1,1
160440,2009,0,0,0,0,0,1,2,0,1,0
160440,2010,0,0,0,0,0,1,2,0,1,0
160445,2006,0,0,0,0,0,1,0,0,0,0
160445,2007,0,0,0,0,0,1,0,0,0,0
160445,2008,0,0,0,0,0,1,0,0,0,0
160460,2009,0,0,0,0,0,1,1,1,0,0
160460,2010,0,0,0,0,0,1,1,1,0,0
160547,2006,0,0,0,0,0,1,2,0,1,0
160547,2007,0,0,0,0,0,1,2,0,1,0
160547,2008,0,0,0,0,0,1,2,0,1,2
160547,2009,0,0,0,0,0,1,2,0,1,0
160547,2010,0,0,0,0,0,1,2,0,1,0
160548,2006,0,0,0,0,0,1,1,1,0,0
160548,2009,0,0,0,0,0,1,1,1,0,0
160556,2006,0,0,0,0,0,1,1,1,0,0
160556,2007,0,0,0,0,0,1,1,1,0,0
160556,2008,0,0,0,0,0,1,1,1,0,0
160556,2009,0,0,0,0,0,1,1,1,0,0
160556,2010,0,0,0,0,0,1,1,1,0,0
160565,2006,0,0,0,0,0,1,1,1,0,0
160565,2007,0,0,0,0,0,1,1,1,0,1
160565,2008,0,0,0,0,0,1,1,1,0,1
160565,2009,0,0,0,0,0,1,1,1,0,1
160565,2010,0,0,0,0,0,1,1,1,0,0
160574,2008,0,0,0,0,0,1,1,1,0,0
160660,2006,0,0,0,0,0,1,0,0,0,0
160660,2007,0,0,0,0,0,1,0,0,0,0
160660,2008,0,0,0,0,0,1,0,0,0,0
160660,2009,0,0,0,0,0,1,0,0,0,0
160660,2010,0,0,0,0,0,1,0,0,0,0
160676,2006,0,0,0,0,0,1,0,0,0,0
160710,2006,0,0,0,0,0,1,1,1,0,0
160710,2007,0,0,0,0,0,1,1,1,0,0
160710,2008,0,0,0,0,0,1,1,1,0,2
160710,2009,0,0,0,0,0,1,1,1,0,0
160710,2010,0,0,0,0,0,1,1,1,0,0
160727,2007,0,0,0,0,0,1,2,0,1,0
160730,2006,0,0,0,0,0,1,2,0,1,1
160730,2007,0,0,0,0,0,1,2,0,1,1
160730,2008,0,0,0,0,0,1,2,0,1,1
160730,2009,0,0,0,0,0,1,2,0,1,0
160730,2010,0,0,0,0,0,1,2,0,1,0
160733,2006,0,0,0,0,0,1,1,1,0,0
160733,2007,0,0,0,0,0,1,1,1,0,0
160733,2008,0,0,0,0,0,1,1,1,0,0
160733,2009,0,0,0,0,0,1,1,1,0,0
160733,2010,0,0,0,0,0,1,1,1,0,0
160737,2006,0,0,0,0,0,1,2,0,1,0
160737,2007,0,0,0,0,0,1,2,0,1,2
160737,2008,0,0,0,0,0,1,2,0,1,0
160737,2009,0,0,0,0,0,1,2,0,1,0
160737,2010,0,0,0,0,0,1,2,0,1,0
160746,2006,0,0,0,0,0,1,0,0,0,0
160746,2007,0,0,0,0,0,1,0,0,0,0
160746,2008,0,0,0,0,0,1,0,0,0,0
160746,2009,0,0,0,0,0,1,0,0,0,0
160746,2010,0,0,0,0,0,1,0,0,0,0
160754,2006,0,0,0,0,0,1,0,0,0,0
160754,2007,0,0,0,0,0,1,0,0,0,0
160754,2008,0,0,0,0,0,1,0,0,0,0
160754,2009,0,0,0,0,0,1,0,0,0,0
160754,2010,0,0,0,0,0,1,0,0,0,0
160762,2006,0,0,0,0,0,1,0,0,0,0
160762,2007,0,0,0,0,0,1,0,0,0,0
160762,2008,0,0,0,0,0,1,0,0,0,0
160762,2009,0,0,0,0,0,1,0,0,0,0
160762,2010,0,0,0,0,0,1,0,0,0,0
160777,2006,0,0,0,0,0,1,0,0,0,0
160777,2007,0,0,0,0,0,1,0,0,0,0
160777,2008,0,0,0,0,0,1,0,0,0,0
160777,2009,0,0,0,0,0,1,0,0,0,0
160777,2010,0,0,0,0,0,1,0,0,0,0
160778,2009,0,0,0,0,0,1,0,0,0,0
160778,2010,0,0,0,0,0,1,0,0,0,1
160787,2006,0,0,0,0,0,1,2,0,1,0
160787,2007,0,0,0,0,0,1,2,0,1,1
160787,2008,0,0,0,0,0,1,2,0,1,0
160787,2009,0,0,0,0,0,1,2,0,1,0
160794,2006,0,0,0,0,0,1,2,0,1,1
160794,2008,0,0,0,0,0,1,2,0,1,1
160794,2009,0,0,0,0,0,1,2,0,1,1
160794,2010,0,0,0,0,0,1,2,0,1,0
160797,2006,0,0,0,0,0,1,2,0,1,2
160797,2007,0,0,0,0,0,1,2,0,1,0
160797,2008,0,0,0,0,0,1,2,0,1,2
160797,2009,0,0,0,0,0,1,2,0,1,0
160797,2010,0,0,0,0,0,1,2,0,1,0
160798,2006,0,0,0,0,0,1,0,0,0,0
160798,2007,0,0,0,0,0,1,0,0,0,1
160798,2008,0,0,0,0,0,1,0,0,0,0
160798,2009,0,0,0,0,0,1,0,0,0,0
160798,2010,0,0,0,0,0,1,0,0,0,0
160800,2006,0,0,0,0,0,1,0,0,0,0
160807,2006,0,0,0,0,0,1,0,0,0,0
160807,2007,0,0,0,0,0,1,0,0,0,0
160807,2008,0,0,0,0,0,1,0,0,0,0
160808,2006,0,0,0,0,0,1,0,0,0,0
160808,2007,0,0,0,0,0,1,0,0,0,0
160808,2008,0,0,0,0,0,1,0,0,0,0
160808,2009,0,0,0,0,0,1,0,0,0,0
160808,2010,0,0,0,0,0,1,0,0,0,0
160811,2008,0,0,0,0,0,1,1,1,0,0
160811,2009,0,0,0,0,0,1,1,1,0,0
160811,2010,0,0,0,0,0,1,1,1,0,1
160817,2006,0,0,0,0,0,1,0,0,0,0
160817,2007,0,0,0,0,0,1,0,0,0,0
160817,2008,0,0,0,0,0,1,0,0,0,0
160817,2009,0,0,0,0,0,1,0,0,0,0
160817,2010,0,0,0,0,0,1,0,0,0,0
160818,2006,0,0,0,0,0,1,1,1,0,0
160822,2006,0,0,0,0,0,1,1,1,0,0
160822,2007,0,0,0,0,0,1,1,1,0,0
160822,2008,0,0,0,0,0,1,1,1,0,0
160822,2009,0,0,0,0,0,1,1,1,0,0
160822,2010,0,0,0,0,0,1,1,1,0,0
160830,2006,0,0,0,0,0,1,1,1,0,0
160830,2007,0,0,0,0,0,1,1,1,0,0
160830,2008,0,0,0,0,0,1,1,1,0,0
160830,2009,0,0,0,0,0,1,1,1,0,0
160830,2010,0,0,0,0,0,1,1,1,0,0
160832,2006,0,0,0,0,0,1,1,1,0,0
160832,2007,0,0,0,0,0,1,1,1,0,0
160832,2008,0,0,0,0,0,1,1,1,0,0
160832,2009,0,0,0,0,0,1,1,1,0,0
160832,2010,0,0,0,0,0,1,1,1,0,0
160838,2006,0,0,0,0,0,1,2,0,1,2
160838,2007,0,0,0,0,0,1,2,0,1,2
160838,2008,0,0,0,0,0,1,2,0,1,1
160838,2009,0,0,0,0,0,1,2,0,1,0
160838,2010,0,0,0,0,0,1,2,0,1,1
160848,2006,0,0,0,0,0,1,1,1,0,1
160848,2007,0,0,0,0,0,1,1,1,0,1
160848,2008,0,0,0,0,0,1,1,1,0,0
160848,2009,0,0,0,0,0,1,1,1,0,0
160848,2010,0,0,0,0,0,1,1,1,0,0
160850,2006,0,0,0,0,0,1,1,1,0,0
160850,2007,0,0,0,0,0,1,1,1,0,0
160850,2008,0,0,0,0,0,1,1,1,0,0
160850,2009,0,0,0,0,0,1,1,1,0,0
160850,2010,0,0,0,0,0,1,1,1,0,0
160853,2006,0,0,0,0,0,1,0,0,0,0
160853,2007,0,0,0,0,0,1,0,0,0,0
160853,2008,0,0,0,0,0,1,0,0,0,0
160853,2009,0,0,0,0,0,1,0,0,0,0
160853,2010,0,0,0,0,0,1,0,0,0,0
160859,2006,0,0,0,0,0,1,0,0,0,0
160859,2007,0,0,0,0,0,1,0,0,0,0
160859,2008,0,0,0,0,0,1,0,0,0,0
160859,2009,0,0,0,0,0,1,0,0,0,0
160859,2010,0,0,0,0,0,1,0,0,0,0
160862,2006,0,0,0,0,0,1,2,0,1,0
160862,2007,0,0,0,0,0,1,2,0,1,0
160862,2008,0,0,0,0,0,1,2,0,1,0
160864,2006,0,0,0,0,0,1,1,1,0,0
160864,2007,0,0,0,0,0,1,1,1,0,0
160864,2008,0,0,0,0,0,1,1,1,0,0
160864,2009,0,0,0,0,0,1,1,1,0,0
160864,2010,0,0,0,0,0,1,1,1,0,0
160865,2006,0,0,0,0,0,1,2,0,1,0
160865,2007,0,0,0,0,0,1,2,0,1,0
160865,2008,0,0,0,0,0,1,2,0,1,0
160868,2006,0,0,0,0,0,1,2,0,1,1
160868,2007,0,0,0,0,0,1,2,0,1,1
160868,2008,0,0,0,0,0,1,2,0,1,1
160868,2009,0,0,0,0,0,1,2,0,1,2
160874,2006,0,0,0,0,0,1,2,0,1,0
160876,2006,0,0,0,0,0,1,1,1,0,1
160876,2007,0,0,0,0,0,1,1,1,0,1
160876,2008,0,0,0,0,0,1,1,1,0,0
160876,2009,0,0,0,0,0,1,1,1,0,1
160876,2010,0,0,0,0,0,1,1,1,0,1
160881,2006,0,0,0,0,0,1,0,0,0,0
160884,2006,0,0,0,0,0,1,1,1,0,0
160884,2007,0,0,0,0,0,1,1,1,0,0
160884,2008,0,0,0,0,0,1,1,1,0,0
160885,2006,0,0,0,0,0,1,1,1,0,0
160885,2007,0,0,0,0,0,1,1,1,0,0
160885,2008,0,0,0,0,0,1,1,1,0,0
160885,2009,0,0,0,0,0,1,1,1,0,0
160885,2010,0,0,0,0,0,1,1,1,0,0
160886,2007,0,0,0,0,0,1,0,0,0,0
160886,2008,0,0,0,0,0,1,0,0,0,0
160886,2009,0,0,0,0,0,1,0,0,0,0
160886,2010,0,0,0,0,0,1,0,0,0,0
160891,2006,0,0,0,0,0,1,0,0,0,0
160892,2007,0,0,0,0,0,1,0,0,0,0
160892,2008,0,0,0,0,0,1,0,0,0,0
160894,2006,0,0,0,0,0,1,2,0,1,1
160894,2007,0,0,0,0,0,1,2,0,1,0
160894,2008,0,0,0,0,0,1,2,0,1,0
160894,2009,0,0,0,0,0,1,2,0,1,0
160894,2010,0,0,0,0,0,1,2,0,1,0
160896,2006,0,0,0,0,0,1,2,0,1,0
160896,2007,0,0,0,0,0,1,2,0,1,0
160896,2008,0,0,0,0,0,1,2,0,1,0
160896,2009,0,0,0,0,0,1,2,0,1,0
160897,2006,0,0,0,0,0,1,0,0,0,0
160902,2006,0,0,0,0,0,1,2,0,1,2
160902,2007,0,0,0,0,0,1,2,0,1,1
160902,2008,0,0,0,0,0,1,2,0,1,0
160902,2009,0,0,0,0,0,1,2,0,1,1
160902,2010,0,0,0,0,0,1,2,0,1,2
160903,2006,0,0,0,0,0,1,0,0,0,0
160903,2007,0,0,0,0,0,1,0,0,0,0
160903,2008,0,0,0,0,0,1,0,0,0,0
160903,2009,0,0,0,0,0,1,0,0,0,0
160903,2010,0,0,0,0,0,1,0,0,0,0
160904,2006,0,0,0,0,0,1,1,1,0,0
160904,2007,0,0,0,0,0,1,1,1,0,1
160904,2008,0,0,0,0,0,1,1,1,0,0
160904,2009,0,0,0,0,0,1,1,1,0,0
160904,2010,0,0,0,0,0,1,1,1,0,1
160908,2006,0,0,0,0,0,1,0,0,0,0
160909,2006,0,0,0,0,0,1,1,1,0,0
160909,2007,0,0,0,0,0,1,1,1,0,0
160909,2008,0,0,0,0,0,1,1,1,0,0
160909,2009,0,0,0,0,0,1,1,1,0,0
160909,2010,0,0,0,0,0,1,1,1,0,0
160913,2006,0,0,0,0,0,1,2,0,1,0
160913,2007,0,0,0,0,0,1,2,0,1,0
160913,2008,0,0,0,0,0,1,2,0,1,0
160913,2009,0,0,0,0,0,1,2,0,1,0
160913,2010,0,0,0,0,0,1,2,0,1,0
160916,2006,0,0,0,0,0,1,0,0,0,0
160916,2007,0,0,0,0,0,1,0,0,0,0
160916,2008,0,0,0,0,0,1,0,0,0,0
160916,2009,0,0,0,0,0,1,0,0,0,0
160916,2010,0,0,0,0,0,1,0,0,0,0
160917,2006,0,0,0,0,0,1,1,1,0,0
160917,2007,0,0,0,0,0,1,1,1,0,0
160917,2008,0,0,0,0,0,1,1,1,0,0
160917,2009,0,0,0,0,0,1,1,1,0,0
160917,2010,0,0,0,0,0,1,1,1,0,1
160918,2006,0,0,0,0,0,1,0,0,0,0
160918,2007,0,0,0,0,0,1,0,0,0,0
160918,2008,0,0,0,0,0,1,0,0,0,0
160918,2009,0,0,0,0,0,1,0,0,0,0
160918,2010,0,0,0,0,0,1,0,0,0,0
160919,2006,0,0,0,0,0,1,1,1,0,0
160919,2007,0,0,0,0,0,1,1,1,0,0
160919,2008,0,0,0,0,0,1,1,1,0,0
160919,2009,0,0,0,0,0,1,1,1,0,0
160919,2010,0,0,0,0,0,1,1,1,0,0
160920,2006,0,0,0,0,0,1,1,1,0,0
160920,2007,0,0,0,0,0,1,1,1,0,0
160920,2008,0,0,0,0,0,1,1,1,0,0
160923,2006,0,0,0,0,0,1,2,0,1,2
160923,2007,0,0,0,0,0,1,2,0,1,3
160923,2008,0,0,0,0,0,1,2,0,1,3
160923,2009,0,0,0,0,0,1,2,0,1,5
160923,2010,0,0,0,0,0,1,2,0,1,1
160927,2007,0,0,0,0,0,1,0,0,0,0
160927,2008,0,0,0,0,0,1,0,0,0,0
160927,2009,0,0,0,0,0,1,0,0,0,0
160927,2010,0,0,0,0,0,1,0,0,0,0
160928,2006,0,0,0,0,0,1,0,0,0,0
160928,2007,0,0,0,0,0,1,0,0,0,0
160928,2008,0,0,0,0,0,1,0,0,0,0
160928,2009,0,0,0,0,0,1,0,0,0,0
160928,2010,0,0,0,0,0,1,0,0,0,0
160934,2009,0,0,0,0,0,1,1,1,0,0
160934,2010,0,0,0,0,0,1,1,1,0,0
160937,2009,0,0,0,0,0,1,1,1,0,0
160937,2010,0,0,0,0,0,1,1,1,0,0
160939,2006,0,0,0,0,0,1,1,1,0,1
160939,2007,0,0,0,0,0,1,1,1,0,0
160939,2008,0,0,0,0,0,1,1,1,0,0
160939,2009,0,0,0,0,0,1,1,1,0,0
160939,2010,0,0,0,0,0,1,1,1,0,0
160940,2006,0,0,0,0,0,1,1,1,0,0
160940,2007,0,0,0,0,0,1,1,1,0,1
160943,2006,0,0,0,0,0,1,2,0,1,2
160943,2007,0,0,0,0,0,1,2,0,1,2
160943,2008,0,0,0,0,0,1,2,0,1,3
160943,2009,0,0,0,0,0,1,2,0,1,2
160943,2010,0,0,0,0,0,1,2,0,1,0
160948,2007,0,0,0,0,0,1,0,0,0,0
160948,2008,0,0,0,0,0,1,0,0,0,1
160948,2009,0,0,0,0,0,1,0,0,0,0
160948,2010,0,0,0,0,0,1,0,0,0,0
160955,2008,0,0,0,0,0,1,2,0,1,0
160955,2009,0,0,0,0,0,1,2,0,1,0
160955,2010,0,0,0,0,0,1,2,0,1,0
169039,2006,0,0,0,0,0,1,1,1,0,1
169039,2007,0,0,0,0,0,1,1,1,0,1
169039,2008,0,0,0,0,0,1,1,1,0,2
169040,2006,0,0,0,0,0,1,0,0,0,0
169040,2007,0,0,0,0,0,1,0,0,0,0
169040,2008,0,0,0,0,0,1,0,0,0,0
169040,2009,0,0,0,0,0,1,0,0,0,0
169040,2010,0,0,0,0,0,1,0,0,0,0
180124,2006,1,0,0,0,0,0,0,0,0,0
180124,2007,1,0,0,0,0,0,0,0,0,0
180124,2008,1,0,0,0,0,0,0,0,0,0
180124,2009,1,0,0,0,0,0,0,0,0,0
180124,2010,1,0,0,0,0,0,0,0,0,0
180150,2006,1,0,0,0,0,0,1,1,0,0
180150,2007,1,0,0,0,0,0,1,1,0,0
180150,2008,1,0,0,0,0,0,1,1,0,1
180150,2009,1,0,0,0,0,0,1,1,0,2
180150,2010,1,0,0,0,0,0,1,1,0,0
180480,2007,1,0,0,0,0,0,0,0,0,0
180480,2008,1,0,0,0,0,0,0,0,0,0
180526,2006,1,0,0,0,0,0,1,1,0,0
180526,2007,1,0,0,0,0,0,1,1,0,0
180526,2008,1,0,0,0,0,0,1,1,0,0
180526,2009,1,0,0,0,0,0,1,1,0,0
180526,2010,1,0,0,0,0,0,1,1,0,0
180542,2006,1,0,0,0,0,0,0,0,0,0
180542,2007,1,0,0,0,0,0,0,0,0,0
180542,2008,1,0,0,0,0,0,0,0,0,0
180542,2009,1,0,0,0,0,0,0,0,0,0
180542,2010,1,0,0,0,0,0,0,0,0,0
180575,2006,1,0,0,0,0,0,0,0,0,0
180575,2007,1,0,0,0,0,0,0,0,0,0
180575,2008,1,0,0,0,0,0,0,0,0,0
180575,2009,1,0,0,0,0,0,0,0,0,0
180575,2010,1,0,0,0,0,0,0,0,0,0
180580,2006,1,0,0,0,0,0,0,0,0,0
180580,2007,1,0,0,0,0,0,0,0,0,0
180580,2008,1,0,0,0,0,0,0,0,0,0
180580,2009,1,0,0,0,0,0,0,0,0,0
180580,2010,1,0,0,0,0,0,0,0,0,0
180633,2006,1,0,0,0,0,0,2,0,1,0
180633,2007,1,0,0,0,0,0,2,0,1,0
180633,2008,1,0,0,0,0,0,2,0,1,0
180633,2009,1,0,0,0,0,0,2,0,1,1
180633,2010,1,0,0,0,0,0,2,0,1,0
180645,2006,1,0,0,0,0,0,2,0,1,0
180645,2007,1,0,0,0,0,0,2,0,1,0
180646,2006,1,0,0,0,0,0,0,0,0,0
180646,2007,1,0,0,0,0,0,0,0,0,0
180646,2008,1,0,0,0,0,0,0,0,0,0
180646,2009,1,0,0,0,0,0,0,0,0,0
180646,2010,1,0,0,0,0,0,0,0,0,0
180675,2006,1,0,0,0,0,0,0,0,0,0
180675,2007,1,0,0,0,0,0,0,0,0,0
180675,2008,1,0,0,0,0,0,0,0,0,0
180675,2009,1,0,0,0,0,0,0,0,0,0
180675,2010,1,0,0,0,0,0,0,0,0,0
180679,2006,1,0,0,0,0,0,0,0,0,0
180679,2007,1,0,0,0,0,0,0,0,0,0
180679,2008,1,0,0,0,0,0,0,0,0,1
180679,2009,1,0,0,0,0,0,0,0,0,0
180679,2010,1,0,0,0,0,0,0,0,0,0
180690,2006,1,0,0,0,0,0,0,0,0,0
180690,2007,1,0,0,0,0,0,0,0,0,0
180690,2008,1,0,0,0,0,0,0,0,0,0
180690,2009,1,0,0,0,0,0,0,0,0,0
180690,2010,1,0,0,0,0,0,0,0,0,0
180693,2009,1,0,0,0,0,0,0,0,0,0
180693,2010,1,0,0,0,0,0,0,0,0,0
180701,2006,1,0,0,0,0,0,0,0,0,0
180701,2007,1,0,0,0,0,0,0,0,0,0
180701,2008,1,0,0,0,0,0,0,0,0,0
180701,2009,1,0,0,0,0,0,0,0,0,0
180701,2010,1,0,0,0,0,0,0,0,0,0
180702,2006,1,0,0,0,0,0,1,1,0,1
180702,2007,1,0,0,0,0,0,1,1,0,1
180702,2008,1,0,0,0,0,0,1,1,0,1
180702,2009,1,0,0,0,0,0,1,1,0,0
180702,2010,1,0,0,0,0,0,1,1,0,0
180725,2006,1,0,0,0,0,0,0,0,0,0
180728,2006,1,0,0,0,0,0,0,0,0,0
180728,2007,1,0,0,0,0,0,0,0,0,0
180728,2008,1,0,0,0,0,0,0,0,0,0
180728,2009,1,0,0,0,0,0,0,0,0,0
180728,2010,1,0,0,0,0,0,0,0,0,0
180751,2006,1,0,0,0,0,0,0,0,0,0
180751,2007,1,0,0,0,0,0,0,0,0,0
180751,2008,1,0,0,0,0,0,0,0,0,0
180751,2009,1,0,0,0,0,0,0,0,0,0
180751,2010,1,0,0,0,0,0,0,0,0,0
180759,2006,1,0,0,0,0,0,2,0,1,0
180759,2007,1,0,0,0,0,0,2,0,1,0
180759,2008,1,0,0,0,0,0,2,0,1,0
180759,2009,1,0,0,0,0,0,2,0,1,0
180759,2010,1,0,0,0,0,0,2,0,1,0
180761,2006,1,0,0,0,0,0,1,1,0,1
180761,2007,1,0,0,0,0,0,1,1,0,2
180763,2006,1,0,0,0,0,0,0,0,0,0
180763,2007,1,0,0,0,0,0,0,0,0,0
180763,2008,1,0,0,0,0,0,0,0,0,0
180763,2009,1,0,0,0,0,0,0,0,0,0
180763,2010,1,0,0,0,0,0,0,0,0,0
180764,2006,1,0,0,0,0,0,0,0,0,0
180764,2007,1,0,0,0,0,0,0,0,0,0
180766,2006,1,0,0,0,0,0,1,1,0,0
180766,2007,1,0,0,0,0,0,1,1,0,0
180766,2008,1,0,0,0,0,0,1,1,0,0
180766,2009,1,0,0,0,0,0,1,1,0,0
180766,2010,1,0,0,0,0,0,1,1,0,0
180773,2006,1,0,0,0,0,0,1,1,0,0
180773,2007,1,0,0,0,0,0,1,1,0,0
180773,2008,1,0,0,0,0,0,1,1,0,0
180773,2009,1,0,0,0,0,0,1,1,0,0
180773,2010,1,0,0,0,0,0,1,1,0,0
